episode_id,policy_seed,task,disturbance,step,autonomous_success,assisted_success,helpful,signed_value,ensemble_uncertainty
0,27,can,nominal,10,True,True,False,0,0.00053194753
0,27,can,nominal,30,True,True,False,0,0.0005699069
0,27,can,nominal,50,True,True,False,0,0.00071404193
0,27,can,nominal,70,True,False,False,-1,4.3362e-05
0,27,can,nominal,90,True,True,False,0,7.840293e-05
0,27,can,nominal,110,True,True,False,0,0.0010736628
1,27,can,nominal,10,True,True,False,0,6.2318744e-05
1,27,can,nominal,30,True,True,False,0,0.00031300448
1,27,can,nominal,50,True,True,False,0,0.021024536
1,27,can,nominal,70,True,True,False,0,3.0449888e-05
1,27,can,nominal,90,True,True,False,0,2.0905683e-05
1,27,can,nominal,110,True,True,False,0,0.0003942404
1,27,can,nominal,130,True,True,False,0,0.0003375655
2,27,can,nominal,10,True,True,False,0,0.00021484004
2,27,can,nominal,30,True,True,False,0,0.0021286046
2,27,can,nominal,50,True,True,False,0,0.00035855817
2,27,can,nominal,70,True,False,False,-1,3.370294e-05
2,27,can,nominal,90,True,True,False,0,8.602877e-05
3,27,can,nominal,10,True,True,False,0,0.0018275367
3,27,can,nominal,30,True,True,False,0,2.8627775e-05
3,27,can,nominal,50,True,True,False,0,0.0010441999
3,27,can,nominal,70,True,False,False,-1,2.391703e-05
3,27,can,nominal,90,True,True,False,0,2.9627448e-05
3,27,can,nominal,110,True,True,False,0,0.00086375594
4,27,can,object_shift,10,True,True,False,0,2.6092011e-05
4,27,can,object_shift,30,True,True,False,0,0.0012216448
4,27,can,object_shift,50,True,True,False,0,1.5152674e-05
4,27,can,object_shift,70,True,True,False,0,2.5171688e-05
4,27,can,object_shift,90,True,True,False,0,0.0010832389
4,27,can,object_shift,110,True,True,False,0,0.00090945745
5,27,can,object_shift,10,False,True,True,1,0.00039468106
5,27,can,object_shift,30,False,True,True,1,0.00047824037
5,27,can,object_shift,50,False,True,True,1,0.0017099747
5,27,can,object_shift,70,False,True,True,1,0.016334923
5,27,can,object_shift,90,False,True,True,1,0.016099028
5,27,can,object_shift,110,False,True,True,1,0.033788178
5,27,can,object_shift,130,False,True,True,1,0.001987503
6,27,can,object_shift,10,True,True,False,0,0.012099451
6,27,can,object_shift,30,True,True,False,0,0.0014628995
6,27,can,object_shift,50,True,True,False,0,0.0008412201
6,27,can,object_shift,70,True,True,False,0,2.4571744e-05
6,27,can,object_shift,90,True,True,False,0,0.0007046735
6,27,can,object_shift,110,True,True,False,0,0.0012939709
7,27,can,object_shift,10,True,True,False,0,2.7314274e-05
7,27,can,object_shift,30,True,True,False,0,0.00035532517
7,27,can,object_shift,50,True,True,False,0,0.0015734589
7,27,can,object_shift,70,True,True,False,0,0.00011897251
7,27,can,object_shift,90,True,False,False,-1,0.00015677516
7,27,can,object_shift,110,True,True,False,0,0.0002838327
7,27,can,object_shift,130,True,True,False,0,0.00033493762
8,27,can,action_noise,10,True,True,False,0,0.00011070478
8,27,can,action_noise,30,True,True,False,0,0.009714035
8,27,can,action_noise,50,True,True,False,0,5.1185747e-05
8,27,can,action_noise,70,True,False,False,-1,5.9355207e-05
8,27,can,action_noise,90,True,True,False,0,0.0003712673
8,27,can,action_noise,110,True,True,False,0,0.00024296032
9,27,can,action_noise,10,True,True,False,0,5.7461784e-05
9,27,can,action_noise,30,True,True,False,0,0.00022735981
9,27,can,action_noise,50,True,True,False,0,0.0002632463
9,27,can,action_noise,70,True,True,False,0,0.000297791
9,27,can,action_noise,90,True,True,False,0,0.0005944798
10,27,can,action_noise,10,True,True,False,0,3.8841543e-05
10,27,can,action_noise,30,True,True,False,0,0.00459958
10,27,can,action_noise,50,True,True,False,0,0.0023892224
10,27,can,action_noise,70,True,False,False,-1,0.00011029699
10,27,can,action_noise,90,True,True,False,0,5.624236e-05
10,27,can,action_noise,110,True,True,False,0,0.0003109625
11,27,can,action_noise,10,True,True,False,0,2.6402093e-05
11,27,can,action_noise,30,True,True,False,0,0.00031917202
11,27,can,action_noise,50,True,True,False,0,0.000176927
11,27,can,action_noise,70,True,True,False,0,0.0011867076
11,27,can,action_noise,90,True,True,False,0,0.00070414663
12,27,can,action_delay,10,True,True,False,0,9.915994e-05
12,27,can,action_delay,30,True,True,False,0,0.03289566
12,27,can,action_delay,50,True,True,False,0,0.0006159567
12,27,can,action_delay,70,True,True,False,0,0.001329499
12,27,can,action_delay,90,True,True,False,0,0.0002793801
12,27,can,action_delay,110,True,True,False,0,0.00024765613
12,27,can,action_delay,130,True,True,False,0,0.001359685
13,27,can,action_delay,10,True,True,False,0,0.0013429763
13,27,can,action_delay,30,True,True,False,0,0.06678053
13,27,can,action_delay,50,True,True,False,0,0.0012867323
13,27,can,action_delay,70,True,False,False,-1,0.011714994
13,27,can,action_delay,90,True,True,False,0,0.00095591816
13,27,can,action_delay,110,True,False,False,-1,4.004634e-05
13,27,can,action_delay,130,True,True,False,0,0.00043145078
14,27,can,action_delay,10,False,True,True,1,0.0005787477
14,27,can,action_delay,30,False,True,True,1,0.008791793
14,27,can,action_delay,50,False,True,True,1,0.0021153432
14,27,can,action_delay,70,False,True,True,1,0.006963397
14,27,can,action_delay,90,False,True,True,1,0.008082387
14,27,can,action_delay,110,False,True,True,1,0.09536294
14,27,can,action_delay,130,False,True,True,1,0.1740001
15,27,can,action_delay,10,False,True,True,1,0.0025387185
15,27,can,action_delay,30,False,True,True,1,0.00035658854
15,27,can,action_delay,50,False,True,True,1,0.0034498933
15,27,can,action_delay,70,False,False,False,0,0.0034093081
15,27,can,action_delay,90,False,True,True,1,0.006956026
15,27,can,action_delay,110,False,True,True,1,0.0015487659
15,27,can,action_delay,130,False,False,False,0,0.057568647
16,27,can,gripper_slip,10,False,True,True,1,0.0006028993
16,27,can,gripper_slip,30,False,True,True,1,0.0003003185
16,27,can,gripper_slip,50,False,True,True,1,0.19794966
16,27,can,gripper_slip,70,False,True,True,1,0.0015495128
16,27,can,gripper_slip,90,False,True,True,1,0.023222236
16,27,can,gripper_slip,110,False,True,True,1,0.00037506543
16,27,can,gripper_slip,130,False,True,True,1,0.023307968
17,27,can,gripper_slip,10,False,True,True,1,6.7000714e-05
17,27,can,gripper_slip,30,False,True,True,1,0.0003405531
17,27,can,gripper_slip,50,False,True,True,1,0.004876046
17,27,can,gripper_slip,70,False,True,True,1,0.14616387
17,27,can,gripper_slip,90,False,True,True,1,0.0050354525
17,27,can,gripper_slip,110,False,True,True,1,0.0011164303
17,27,can,gripper_slip,130,False,True,True,1,0.17166887
18,27,can,gripper_slip,10,False,True,True,1,0.0005127096
18,27,can,gripper_slip,30,False,True,True,1,5.5576587e-05
18,27,can,gripper_slip,50,False,True,True,1,0.021790927
18,27,can,gripper_slip,70,False,True,True,1,0.0034254168
18,27,can,gripper_slip,90,False,True,True,1,0.034540724
18,27,can,gripper_slip,110,False,True,True,1,0.0033522844
18,27,can,gripper_slip,130,False,True,True,1,0.0026769692
19,27,can,gripper_slip,10,False,True,True,1,0.0019956292
19,27,can,gripper_slip,30,False,True,True,1,0.00016693152
19,27,can,gripper_slip,50,False,True,True,1,0.021538133
19,27,can,gripper_slip,70,False,True,True,1,0.013041026
19,27,can,gripper_slip,90,False,True,True,1,0.026783895
19,27,can,gripper_slip,110,False,True,True,1,0.0076060886
19,27,can,gripper_slip,130,False,True,True,1,0.0019370914
20,27,milk,nominal,10,True,True,False,0,0.00047967976
20,27,milk,nominal,30,True,True,False,0,0.00016711149
20,27,milk,nominal,50,True,True,False,0,0.00038348077
20,27,milk,nominal,70,True,True,False,0,0.0002116002
21,27,milk,nominal,10,True,True,False,0,0.00040240967
21,27,milk,nominal,30,True,True,False,0,0.00024033686
21,27,milk,nominal,50,True,True,False,0,0.0026017483
21,27,milk,nominal,70,True,True,False,0,0.00012862498
21,27,milk,nominal,90,True,True,False,0,0.0019666078
22,27,milk,nominal,10,True,True,False,0,0.00077140663
22,27,milk,nominal,30,True,True,False,0,8.989947e-05
22,27,milk,nominal,50,True,True,False,0,0.00023901227
22,27,milk,nominal,70,True,True,False,0,0.000141388
23,27,milk,nominal,10,True,True,False,0,0.0003728158
23,27,milk,nominal,30,True,True,False,0,0.0010200697
23,27,milk,nominal,50,True,True,False,0,0.0021678985
23,27,milk,nominal,70,True,True,False,0,0.00013616282
23,27,milk,nominal,90,True,True,False,0,0.01269978
24,27,milk,object_shift,10,False,True,True,1,0.0026364701
24,27,milk,object_shift,30,False,True,True,1,0.011112151
24,27,milk,object_shift,50,False,True,True,1,0.01623434
24,27,milk,object_shift,70,False,True,True,1,0.0066300486
24,27,milk,object_shift,90,False,True,True,1,0.0009832456
24,27,milk,object_shift,110,False,True,True,1,0.02543256
24,27,milk,object_shift,130,False,False,False,0,0.0037410571
25,27,milk,object_shift,10,True,True,False,0,0.00025733627
25,27,milk,object_shift,30,True,True,False,0,0.006199528
25,27,milk,object_shift,50,True,True,False,0,0.0005566944
25,27,milk,object_shift,70,True,True,False,0,6.270686e-05
26,27,milk,object_shift,10,False,True,True,1,0.00024201041
26,27,milk,object_shift,30,False,True,True,1,0.0035543893
26,27,milk,object_shift,50,False,True,True,1,0.0034925605
26,27,milk,object_shift,70,False,True,True,1,0.0037933432
26,27,milk,object_shift,90,False,True,True,1,0.01149507
26,27,milk,object_shift,110,False,True,True,1,0.0060292953
26,27,milk,object_shift,130,False,True,True,1,0.0032202136
27,27,milk,object_shift,10,True,True,False,0,0.0002109034
27,27,milk,object_shift,30,True,True,False,0,0.00062986667
27,27,milk,object_shift,50,True,True,False,0,9.670491e-05
27,27,milk,object_shift,70,True,True,False,0,0.0001145956
28,27,milk,action_noise,10,True,True,False,0,0.019215506
28,27,milk,action_noise,30,True,True,False,0,0.00039489474
28,27,milk,action_noise,50,True,True,False,0,0.00061842613
29,27,milk,action_noise,10,True,True,False,0,0.000496278
29,27,milk,action_noise,30,True,False,False,-1,0.0008160261
29,27,milk,action_noise,50,True,True,False,0,9.126506e-05
29,27,milk,action_noise,70,True,True,False,0,0.00011461922
30,27,milk,action_noise,10,True,True,False,0,0.00023983607
30,27,milk,action_noise,30,True,False,False,-1,0.0008113605
30,27,milk,action_noise,50,True,True,False,0,0.00029143557
30,27,milk,action_noise,70,True,True,False,0,0.0014962425
31,27,milk,action_noise,10,True,False,False,-1,0.004403499
31,27,milk,action_noise,30,True,True,False,0,0.0018454103
31,27,milk,action_noise,50,True,True,False,0,0.0001140439
31,27,milk,action_noise,70,True,True,False,0,0.00013853956
32,27,milk,action_delay,10,False,True,True,1,9.285818e-05
32,27,milk,action_delay,30,False,True,True,1,0.0016494694
32,27,milk,action_delay,50,False,False,False,0,0.011538698
32,27,milk,action_delay,70,False,False,False,0,0.0046280357
32,27,milk,action_delay,90,False,False,False,0,0.005461398
32,27,milk,action_delay,110,False,False,False,0,0.006617039
32,27,milk,action_delay,130,False,False,False,0,0.018157844
33,27,milk,action_delay,10,False,True,True,1,0.00026976573
33,27,milk,action_delay,30,False,True,True,1,0.003154924
33,27,milk,action_delay,50,False,True,True,1,0.018361779
33,27,milk,action_delay,70,False,True,True,1,0.17590256
33,27,milk,action_delay,90,False,True,True,1,0.0072966255
33,27,milk,action_delay,110,False,False,False,0,0.0020244683
33,27,milk,action_delay,130,False,True,True,1,0.04148807
34,27,milk,action_delay,10,False,True,True,1,0.0003959634
34,27,milk,action_delay,30,False,True,True,1,0.003942176
34,27,milk,action_delay,50,False,True,True,1,0.008819438
34,27,milk,action_delay,70,False,True,True,1,0.0017499713
34,27,milk,action_delay,90,False,True,True,1,0.004058391
34,27,milk,action_delay,110,False,True,True,1,0.0063391915
34,27,milk,action_delay,130,False,True,True,1,0.035821833
35,27,milk,action_delay,10,False,True,True,1,0.00010663336
35,27,milk,action_delay,30,False,True,True,1,0.015370053
35,27,milk,action_delay,50,False,False,False,0,0.0007031846
35,27,milk,action_delay,70,False,False,False,0,0.022267299
35,27,milk,action_delay,90,False,False,False,0,0.002896458
35,27,milk,action_delay,110,False,False,False,0,0.0006510605
35,27,milk,action_delay,130,False,False,False,0,0.03721155
36,27,milk,gripper_slip,10,False,True,True,1,0.00028767594
36,27,milk,gripper_slip,30,False,True,True,1,1.0922682e-05
36,27,milk,gripper_slip,50,False,True,True,1,0.009109772
36,27,milk,gripper_slip,70,False,False,False,0,0.003137654
36,27,milk,gripper_slip,90,False,True,True,1,0.014802224
36,27,milk,gripper_slip,110,False,True,True,1,0.0106152985
36,27,milk,gripper_slip,130,False,True,True,1,0.004598748
37,27,milk,gripper_slip,10,False,True,True,1,0.0003623284
37,27,milk,gripper_slip,30,False,False,False,0,0.00017240542
37,27,milk,gripper_slip,50,False,True,True,1,0.17753418
37,27,milk,gripper_slip,70,False,True,True,1,0.0021875289
37,27,milk,gripper_slip,90,False,True,True,1,0.050649036
37,27,milk,gripper_slip,110,False,True,True,1,0.007359837
37,27,milk,gripper_slip,130,False,True,True,1,0.01307878
38,27,milk,gripper_slip,10,False,True,True,1,0.00035586316
38,27,milk,gripper_slip,30,False,True,True,1,0.00010451394
38,27,milk,gripper_slip,50,False,True,True,1,0.0063222707
38,27,milk,gripper_slip,70,False,True,True,1,0.001678988
38,27,milk,gripper_slip,90,False,False,False,0,0.042091485
38,27,milk,gripper_slip,110,False,False,False,0,0.0042775176
38,27,milk,gripper_slip,130,False,False,False,0,0.017593335
39,27,milk,gripper_slip,10,False,True,True,1,0.00024409934
39,27,milk,gripper_slip,30,False,True,True,1,0.000101842284
39,27,milk,gripper_slip,50,False,True,True,1,0.025649201
39,27,milk,gripper_slip,70,False,True,True,1,0.0017936744
39,27,milk,gripper_slip,90,False,True,True,1,0.02251046
39,27,milk,gripper_slip,110,False,True,True,1,0.009534104
39,27,milk,gripper_slip,130,False,True,True,1,0.0017671211
40,27,bread,nominal,10,True,True,False,0,0.00016187088
40,27,bread,nominal,30,True,True,False,0,0.0007070623
40,27,bread,nominal,50,True,True,False,0,0.0005283121
40,27,bread,nominal,70,True,True,False,0,0.014034954
40,27,bread,nominal,90,True,True,False,0,0.04259215
40,27,bread,nominal,110,True,True,False,0,0.0058242856
40,27,bread,nominal,130,True,True,False,0,0.03604834
41,27,bread,nominal,10,True,True,False,0,0.002328061
41,27,bread,nominal,30,True,True,False,0,4.5325105e-05
41,27,bread,nominal,50,True,True,False,0,0.00016113352
41,27,bread,nominal,70,True,False,False,-1,0.00011485456
41,27,bread,nominal,90,True,True,False,0,0.00035242087
42,27,bread,nominal,10,True,True,False,0,0.00049062324
42,27,bread,nominal,30,True,True,False,0,0.000909727
42,27,bread,nominal,50,True,True,False,0,0.0034787904
42,27,bread,nominal,70,True,True,False,0,0.031305682
42,27,bread,nominal,90,True,False,False,-1,0.000541594
42,27,bread,nominal,110,True,True,False,0,6.38168e-05
42,27,bread,nominal,130,True,True,False,0,0.00062065443
43,27,bread,nominal,10,True,True,False,0,0.00033175104
43,27,bread,nominal,30,True,True,False,0,0.0015065202
43,27,bread,nominal,50,True,True,False,0,0.0010826493
43,27,bread,nominal,70,True,True,False,0,0.023241812
43,27,bread,nominal,90,True,True,False,0,0.0026528463
43,27,bread,nominal,110,True,True,False,0,0.00029536214
43,27,bread,nominal,130,True,True,False,0,0.00027962815
44,27,bread,object_shift,10,True,True,False,0,8.934119e-05
44,27,bread,object_shift,30,True,True,False,0,0.00013947806
44,27,bread,object_shift,50,True,True,False,0,0.0032069588
44,27,bread,object_shift,70,True,True,False,0,8.077875e-05
44,27,bread,object_shift,90,True,True,False,0,0.00012721034
44,27,bread,object_shift,110,True,True,False,0,0.00020758763
45,27,bread,object_shift,10,False,True,True,1,0.0013807456
45,27,bread,object_shift,30,False,True,True,1,0.00593179
45,27,bread,object_shift,50,False,True,True,1,0.009882801
45,27,bread,object_shift,70,False,True,True,1,0.01175011
45,27,bread,object_shift,90,False,True,True,1,0.048530795
45,27,bread,object_shift,110,False,True,True,1,0.041900165
45,27,bread,object_shift,130,False,True,True,1,0.039030265
46,27,bread,object_shift,10,False,True,True,1,0.00013273138
46,27,bread,object_shift,30,False,True,True,1,0.003953365
46,27,bread,object_shift,50,False,True,True,1,0.0044015734
46,27,bread,object_shift,70,False,False,False,0,0.018871099
46,27,bread,object_shift,90,False,True,True,1,0.2510964
46,27,bread,object_shift,110,False,False,False,0,0.011787886
46,27,bread,object_shift,130,False,False,False,0,0.21289751
47,27,bread,object_shift,10,False,True,True,1,0.00015340699
47,27,bread,object_shift,30,False,True,True,1,0.00043304628
47,27,bread,object_shift,50,False,False,False,0,0.0052166954
47,27,bread,object_shift,70,False,False,False,0,0.014576072
47,27,bread,object_shift,90,False,False,False,0,0.0029885103
47,27,bread,object_shift,110,False,False,False,0,0.0072030486
47,27,bread,object_shift,130,False,False,False,0,0.017182052
48,27,bread,action_noise,10,True,True,False,0,0.00012298224
48,27,bread,action_noise,30,True,True,False,0,0.0035885856
48,27,bread,action_noise,50,True,False,False,-1,0.00016347351
48,27,bread,action_noise,70,True,True,False,0,0.00070037926
49,27,bread,action_noise,10,False,True,True,1,0.00018642936
49,27,bread,action_noise,30,False,True,True,1,0.021788755
49,27,bread,action_noise,50,False,True,True,1,0.0039453143
49,27,bread,action_noise,70,False,True,True,1,0.018995149
49,27,bread,action_noise,90,False,True,True,1,0.127515
49,27,bread,action_noise,110,False,True,True,1,0.2691628
49,27,bread,action_noise,130,False,False,False,0,0.059774995
50,27,bread,action_noise,10,True,True,False,0,0.0008650307
50,27,bread,action_noise,30,True,True,False,0,0.0005608947
50,27,bread,action_noise,50,True,False,False,-1,0.00017433632
50,27,bread,action_noise,70,True,True,False,0,0.00038040234
50,27,bread,action_noise,90,True,True,False,0,0.002987534
51,27,bread,action_noise,10,True,True,False,0,0.00013688229
51,27,bread,action_noise,30,True,True,False,0,0.0233479
51,27,bread,action_noise,50,True,True,False,0,0.00011176839
51,27,bread,action_noise,70,True,True,False,0,9.4803916e-05
51,27,bread,action_noise,90,True,True,False,0,0.00036308635
51,27,bread,action_noise,110,True,True,False,0,0.0001868266
52,27,bread,action_delay,10,False,True,True,1,0.008561993
52,27,bread,action_delay,30,False,True,True,1,0.011497724
52,27,bread,action_delay,50,False,True,True,1,0.11225613
52,27,bread,action_delay,70,False,False,False,0,0.010630007
52,27,bread,action_delay,90,False,True,True,1,0.00050399854
52,27,bread,action_delay,110,False,True,True,1,0.0054564723
52,27,bread,action_delay,130,False,True,True,1,0.001961752
53,27,bread,action_delay,10,False,True,True,1,0.00075205555
53,27,bread,action_delay,30,False,True,True,1,0.2527099
53,27,bread,action_delay,50,False,True,True,1,0.0017827328
53,27,bread,action_delay,70,False,True,True,1,0.030857315
53,27,bread,action_delay,90,False,True,True,1,0.0038628564
53,27,bread,action_delay,110,False,False,False,0,0.010198833
53,27,bread,action_delay,130,False,True,True,1,0.0056644925
54,27,bread,action_delay,10,True,True,False,0,0.0014994002
54,27,bread,action_delay,30,True,True,False,0,0.0011738675
54,27,bread,action_delay,50,True,True,False,0,0.0013956316
54,27,bread,action_delay,70,True,True,False,0,0.008991854
54,27,bread,action_delay,90,True,True,False,0,0.025021425
54,27,bread,action_delay,110,True,True,False,0,0.01046352
54,27,bread,action_delay,130,True,True,False,0,0.029147694
55,27,bread,action_delay,10,False,True,True,1,7.76676e-05
55,27,bread,action_delay,30,False,True,True,1,0.0016557968
55,27,bread,action_delay,50,False,True,True,1,0.004968781
55,27,bread,action_delay,70,False,True,True,1,0.042077262
55,27,bread,action_delay,90,False,True,True,1,0.19913402
55,27,bread,action_delay,110,False,True,True,1,0.001198505
55,27,bread,action_delay,130,False,False,False,0,0.01863779
56,27,bread,gripper_slip,10,True,True,False,0,0.024314735
56,27,bread,gripper_slip,30,True,True,False,0,0.00070656894
56,27,bread,gripper_slip,50,True,True,False,0,0.01687516
56,27,bread,gripper_slip,70,True,True,False,0,0.002186606
56,27,bread,gripper_slip,90,True,True,False,0,0.00034367485
56,27,bread,gripper_slip,110,True,True,False,0,0.0004797745
56,27,bread,gripper_slip,130,True,True,False,0,0.00024358075
57,27,bread,gripper_slip,10,False,True,True,1,0.00057301455
57,27,bread,gripper_slip,30,False,True,True,1,0.0003724789
57,27,bread,gripper_slip,50,False,True,True,1,0.025326684
57,27,bread,gripper_slip,70,False,True,True,1,0.013362362
57,27,bread,gripper_slip,90,False,True,True,1,0.044802647
57,27,bread,gripper_slip,110,False,True,True,1,0.0437755
57,27,bread,gripper_slip,130,False,True,True,1,0.045421142
58,27,bread,gripper_slip,10,False,True,True,1,0.00080534595
58,27,bread,gripper_slip,30,False,True,True,1,3.2908447e-05
58,27,bread,gripper_slip,50,False,True,True,1,0.002204382
58,27,bread,gripper_slip,70,False,True,True,1,0.0010928068
58,27,bread,gripper_slip,90,False,True,True,1,0.0139235845
58,27,bread,gripper_slip,110,False,True,True,1,0.014939158
58,27,bread,gripper_slip,130,False,True,True,1,0.26491737
59,27,bread,gripper_slip,10,False,True,True,1,0.0030859148
59,27,bread,gripper_slip,30,False,True,True,1,0.0044201403
59,27,bread,gripper_slip,50,False,True,True,1,0.0055362843
59,27,bread,gripper_slip,70,False,True,True,1,0.0040017483
59,27,bread,gripper_slip,90,False,True,True,1,0.0042165993
59,27,bread,gripper_slip,110,False,True,True,1,0.21924993
59,27,bread,gripper_slip,130,False,False,False,0,0.04248405
60,27,cereal,nominal,10,True,True,False,0,0.00046408077
60,27,cereal,nominal,30,True,True,False,0,0.00046207578
60,27,cereal,nominal,50,True,True,False,0,0.000260172
60,27,cereal,nominal,70,True,True,False,0,3.2570024e-05
60,27,cereal,nominal,90,True,True,False,0,3.56856e-05
60,27,cereal,nominal,110,True,True,False,0,0.00012466371
61,27,cereal,nominal,10,True,True,False,0,0.0003982159
61,27,cereal,nominal,30,True,True,False,0,0.0016876935
61,27,cereal,nominal,50,True,True,False,0,0.0002320616
61,27,cereal,nominal,70,True,True,False,0,0.0029978133
61,27,cereal,nominal,90,True,True,False,0,0.0031204673
61,27,cereal,nominal,110,True,True,False,0,0.002277059
62,27,cereal,nominal,10,True,True,False,0,0.0003157588
62,27,cereal,nominal,30,True,True,False,0,0.0050779097
62,27,cereal,nominal,50,True,True,False,0,0.0001249172
62,27,cereal,nominal,70,True,True,False,0,4.4485438e-05
62,27,cereal,nominal,90,True,True,False,0,4.9965947e-05
62,27,cereal,nominal,110,True,True,False,0,0.00035817223
63,27,cereal,nominal,10,True,True,False,0,0.0006574982
63,27,cereal,nominal,30,True,True,False,0,0.002870721
63,27,cereal,nominal,50,True,True,False,0,2.5618476e-05
63,27,cereal,nominal,70,True,True,False,0,8.5668406e-05
63,27,cereal,nominal,90,True,True,False,0,0.0002685257
64,27,cereal,object_shift,10,True,True,False,0,0.00030242116
64,27,cereal,object_shift,30,True,True,False,0,0.0009658915
64,27,cereal,object_shift,50,True,True,False,0,6.6679975e-05
64,27,cereal,object_shift,70,True,True,False,0,1.1650685e-05
64,27,cereal,object_shift,90,True,True,False,0,0.00011269864
65,27,cereal,object_shift,10,True,True,False,0,0.0003214654
65,27,cereal,object_shift,30,True,True,False,0,0.00091351615
65,27,cereal,object_shift,50,True,True,False,0,0.00011410691
65,27,cereal,object_shift,70,True,True,False,0,7.3517117e-06
65,27,cereal,object_shift,90,True,True,False,0,4.1809562e-05
65,27,cereal,object_shift,110,True,True,False,0,0.0029097782
66,27,cereal,object_shift,10,False,True,True,1,0.00035717178
66,27,cereal,object_shift,30,False,False,False,0,0.0024316828
66,27,cereal,object_shift,50,False,False,False,0,0.007991283
66,27,cereal,object_shift,70,False,False,False,0,0.025546784
66,27,cereal,object_shift,90,False,False,False,0,0.023946153
66,27,cereal,object_shift,110,False,False,False,0,0.042096954
66,27,cereal,object_shift,130,False,False,False,0,0.0064916112
67,27,cereal,object_shift,10,True,True,False,0,0.0004686985
67,27,cereal,object_shift,30,True,True,False,0,0.00028928343
67,27,cereal,object_shift,50,True,True,False,0,0.0008017758
67,27,cereal,object_shift,70,True,True,False,0,4.9741055e-05
67,27,cereal,object_shift,90,True,True,False,0,1.4576726e-05
67,27,cereal,object_shift,110,True,True,False,0,9.5439966e-05
67,27,cereal,object_shift,130,True,True,False,0,0.00014016703
68,27,cereal,action_noise,10,True,True,False,0,0.0006769725
68,27,cereal,action_noise,30,True,True,False,0,0.0002358453
68,27,cereal,action_noise,50,True,True,False,0,0.000120443525
68,27,cereal,action_noise,70,True,True,False,0,1.745688e-05
68,27,cereal,action_noise,90,True,True,False,0,0.0003423545
69,27,cereal,action_noise,10,True,True,False,0,0.0003902796
69,27,cereal,action_noise,30,True,True,False,0,0.005851913
69,27,cereal,action_noise,50,True,True,False,0,0.00021534957
69,27,cereal,action_noise,70,True,True,False,0,3.427931e-05
69,27,cereal,action_noise,90,True,True,False,0,8.190259e-05
69,27,cereal,action_noise,110,True,True,False,0,0.0011736638
70,27,cereal,action_noise,10,False,True,True,1,0.0010896735
70,27,cereal,action_noise,30,False,True,True,1,0.008923651
70,27,cereal,action_noise,50,False,True,True,1,0.0003866036
70,27,cereal,action_noise,70,False,False,False,0,0.01957606
70,27,cereal,action_noise,90,False,False,False,0,0.0035031408
70,27,cereal,action_noise,110,False,False,False,0,0.14242493
70,27,cereal,action_noise,130,False,False,False,0,0.009932927
71,27,cereal,action_noise,10,True,True,False,0,0.00080820505
71,27,cereal,action_noise,30,True,True,False,0,0.001643329
71,27,cereal,action_noise,50,True,True,False,0,0.00026962263
71,27,cereal,action_noise,70,True,True,False,0,0.00036965808
71,27,cereal,action_noise,90,True,True,False,0,0.00052137015
72,27,cereal,action_delay,10,True,True,False,0,0.0034346879
72,27,cereal,action_delay,30,True,True,False,0,0.0015870368
72,27,cereal,action_delay,50,True,True,False,0,0.004511777
72,27,cereal,action_delay,70,True,True,False,0,3.7668222e-05
72,27,cereal,action_delay,90,True,True,False,0,0.0010982617
73,27,cereal,action_delay,10,False,True,True,1,0.00043579718
73,27,cereal,action_delay,30,False,True,True,1,0.00093376584
73,27,cereal,action_delay,50,False,True,True,1,0.007596946
73,27,cereal,action_delay,70,False,True,True,1,0.03370909
73,27,cereal,action_delay,90,False,True,True,1,0.113277316
73,27,cereal,action_delay,110,False,True,True,1,0.018539812
73,27,cereal,action_delay,130,False,True,True,1,0.07814557
74,27,cereal,action_delay,10,False,True,True,1,0.0018796377
74,27,cereal,action_delay,30,False,True,True,1,0.01850302
74,27,cereal,action_delay,50,False,False,False,0,0.04864789
74,27,cereal,action_delay,70,False,False,False,0,0.0032729635
74,27,cereal,action_delay,90,False,False,False,0,0.0025794567
74,27,cereal,action_delay,110,False,False,False,0,0.116393976
74,27,cereal,action_delay,130,False,False,False,0,0.0068687326
75,27,cereal,action_delay,10,False,True,True,1,0.0030417312
75,27,cereal,action_delay,30,False,False,False,0,0.0042751892
75,27,cereal,action_delay,50,False,True,True,1,0.024095207
75,27,cereal,action_delay,70,False,True,True,1,0.1213044
75,27,cereal,action_delay,90,False,True,True,1,0.013117813
75,27,cereal,action_delay,110,False,True,True,1,0.115961514
75,27,cereal,action_delay,130,False,True,True,1,0.074717216
76,27,cereal,gripper_slip,10,False,True,True,1,7.833218e-05
76,27,cereal,gripper_slip,30,False,True,True,1,0.056325387
76,27,cereal,gripper_slip,50,False,True,True,1,0.0012447292
76,27,cereal,gripper_slip,70,False,False,False,0,0.01469922
76,27,cereal,gripper_slip,90,False,False,False,0,0.002209051
76,27,cereal,gripper_slip,110,False,False,False,0,0.009619953
76,27,cereal,gripper_slip,130,False,False,False,0,0.11524805
77,27,cereal,gripper_slip,10,False,True,True,1,0.0004464228
77,27,cereal,gripper_slip,30,False,True,True,1,0.002159187
77,27,cereal,gripper_slip,50,False,True,True,1,0.0017517859
77,27,cereal,gripper_slip,70,False,True,True,1,0.123980634
77,27,cereal,gripper_slip,90,False,True,True,1,0.0042896303
77,27,cereal,gripper_slip,110,False,True,True,1,0.24632303
77,27,cereal,gripper_slip,130,False,True,True,1,0.0068023256
78,27,cereal,gripper_slip,10,False,True,True,1,0.008186616
78,27,cereal,gripper_slip,30,False,True,True,1,0.0002844664
78,27,cereal,gripper_slip,50,False,True,True,1,0.0009091087
78,27,cereal,gripper_slip,70,False,False,False,0,0.021308566
78,27,cereal,gripper_slip,90,False,False,False,0,0.002960882
78,27,cereal,gripper_slip,110,False,False,False,0,0.149309
78,27,cereal,gripper_slip,130,False,False,False,0,0.004845998
79,27,cereal,gripper_slip,10,False,True,True,1,0.0004606663
79,27,cereal,gripper_slip,30,False,True,True,1,0.0006443821
79,27,cereal,gripper_slip,50,False,True,True,1,0.12899955
79,27,cereal,gripper_slip,70,False,True,True,1,0.003689181
79,27,cereal,gripper_slip,90,False,True,True,1,0.0031043538
79,27,cereal,gripper_slip,110,False,False,False,0,0.025462022
79,27,cereal,gripper_slip,130,False,False,False,0,0.003955541
80,127,can,nominal,10,False,True,True,1,0.004083981
80,127,can,nominal,30,False,True,True,1,0.00045819278
80,127,can,nominal,50,False,True,True,1,0.0007100669
80,127,can,nominal,70,False,False,False,0,0.00022743344
80,127,can,nominal,90,False,False,False,0,0.00035048104
80,127,can,nominal,110,False,True,True,1,0.0006208896
80,127,can,nominal,130,False,True,True,1,0.021751275
81,127,can,nominal,10,True,True,False,0,0.000113791226
81,127,can,nominal,30,True,True,False,0,0.0010340548
81,127,can,nominal,50,True,True,False,0,0.0013689857
81,127,can,nominal,70,True,True,False,0,0.00016305977
81,127,can,nominal,90,True,False,False,-1,5.9717506e-05
81,127,can,nominal,110,True,True,False,0,0.00016895898
81,127,can,nominal,130,True,True,False,0,0.015781157
82,127,can,nominal,10,True,True,False,0,1.6929376e-05
82,127,can,nominal,30,True,True,False,0,9.673134e-05
82,127,can,nominal,50,True,True,False,0,0.0020437937
82,127,can,nominal,70,True,True,False,0,4.3558615e-05
82,127,can,nominal,90,True,False,False,-1,0.00013178444
82,127,can,nominal,110,True,False,False,-1,0.0002691267
82,127,can,nominal,130,True,True,False,0,4.0706764e-05
83,127,can,nominal,10,True,True,False,0,0.013581508
83,127,can,nominal,30,True,True,False,0,0.0002124788
83,127,can,nominal,50,True,True,False,0,0.0073388326
83,127,can,nominal,70,True,True,False,0,0.0001403579
83,127,can,nominal,90,True,True,False,0,0.002139363
84,127,can,object_shift,10,True,True,False,0,0.0003005603
84,127,can,object_shift,30,True,True,False,0,0.0001974505
84,127,can,object_shift,50,True,True,False,0,0.0007410604
84,127,can,object_shift,70,True,True,False,0,0.0011361054
84,127,can,object_shift,90,True,True,False,0,0.0001381394
84,127,can,object_shift,110,True,True,False,0,0.0018903654
84,127,can,object_shift,130,True,True,False,0,0.047853205
85,127,can,object_shift,10,True,True,False,0,0.0011303832
85,127,can,object_shift,30,True,True,False,0,0.0007434764
85,127,can,object_shift,50,True,True,False,0,0.0047833687
85,127,can,object_shift,70,True,True,False,0,3.4241442e-05
85,127,can,object_shift,90,True,True,False,0,4.8064274e-05
85,127,can,object_shift,110,True,True,False,0,0.0022310007
85,127,can,object_shift,130,True,True,False,0,0.0071656094
86,127,can,object_shift,10,False,True,True,1,0.000137179
86,127,can,object_shift,30,False,False,False,0,0.006058552
86,127,can,object_shift,50,False,True,True,1,0.004789171
86,127,can,object_shift,70,False,False,False,0,0.005503926
86,127,can,object_shift,90,False,True,True,1,0.0062076123
86,127,can,object_shift,110,False,True,True,1,0.018437488
86,127,can,object_shift,130,False,True,True,1,0.008567324
87,127,can,object_shift,10,True,True,False,0,1.6614938e-05
87,127,can,object_shift,30,True,True,False,0,0.00017116856
87,127,can,object_shift,50,True,True,False,0,0.0008526039
87,127,can,object_shift,70,True,True,False,0,0.0007548622
87,127,can,object_shift,90,True,True,False,0,0.00015780867
87,127,can,object_shift,110,True,True,False,0,6.1339386e-05
87,127,can,object_shift,130,True,True,False,0,0.0008824769
88,127,can,action_noise,10,True,True,False,0,0.00022969782
88,127,can,action_noise,30,True,True,False,0,0.00042719135
88,127,can,action_noise,50,True,True,False,0,0.000923294
88,127,can,action_noise,70,True,False,False,-1,0.002681054
88,127,can,action_noise,90,True,True,False,0,0.0008580216
88,127,can,action_noise,110,True,True,False,0,0.00034550455
88,127,can,action_noise,130,True,True,False,0,0.0033318189
89,127,can,action_noise,10,True,True,False,0,0.00023254559
89,127,can,action_noise,30,True,True,False,0,0.00020255441
89,127,can,action_noise,50,True,True,False,0,0.0025363234
89,127,can,action_noise,70,True,True,False,0,9.921632e-05
89,127,can,action_noise,90,True,True,False,0,3.6139914e-05
89,127,can,action_noise,110,True,True,False,0,0.00011781447
89,127,can,action_noise,130,True,True,False,0,0.05447569
90,127,can,action_noise,10,False,True,True,1,8.241986e-05
90,127,can,action_noise,30,False,True,True,1,0.0006216523
90,127,can,action_noise,50,False,True,True,1,0.02766341
90,127,can,action_noise,70,False,True,True,1,0.04677879
90,127,can,action_noise,90,False,True,True,1,0.017391296
90,127,can,action_noise,110,False,True,True,1,0.0023180966
90,127,can,action_noise,130,False,True,True,1,0.0018258279
91,127,can,action_noise,10,True,True,False,0,5.940587e-05
91,127,can,action_noise,30,True,True,False,0,0.034061395
91,127,can,action_noise,50,True,True,False,0,0.0064390018
91,127,can,action_noise,70,True,True,False,0,0.00012694724
91,127,can,action_noise,90,True,False,False,-1,0.0010922968
91,127,can,action_noise,110,True,False,False,-1,0.0006801483
91,127,can,action_noise,130,True,True,False,0,0.00048812808
92,127,can,action_delay,10,True,True,False,0,0.00049224903
92,127,can,action_delay,30,True,True,False,0,0.07136946
92,127,can,action_delay,50,True,True,False,0,0.0018904272
92,127,can,action_delay,70,True,True,False,0,0.007958333
92,127,can,action_delay,90,True,False,False,-1,0.00092498364
92,127,can,action_delay,110,True,True,False,0,0.0023973905
93,127,can,action_delay,10,False,True,True,1,0.00193521
93,127,can,action_delay,30,False,True,True,1,0.001692128
93,127,can,action_delay,50,False,True,True,1,0.0065627084
93,127,can,action_delay,70,False,False,False,0,0.012154951
93,127,can,action_delay,90,False,False,False,0,0.01813853
93,127,can,action_delay,110,False,False,False,0,0.017698793
93,127,can,action_delay,130,False,False,False,0,0.026904315
94,127,can,action_delay,10,False,True,True,1,0.000121485755
94,127,can,action_delay,30,False,True,True,1,0.0007362696
94,127,can,action_delay,50,False,True,True,1,0.0019117116
94,127,can,action_delay,70,False,True,True,1,0.0076643266
94,127,can,action_delay,90,False,True,True,1,0.023052325
94,127,can,action_delay,110,False,True,True,1,0.0036677304
94,127,can,action_delay,130,False,True,True,1,0.14937901
95,127,can,action_delay,10,False,True,True,1,8.023857e-05
95,127,can,action_delay,30,False,True,True,1,0.0010433932
95,127,can,action_delay,50,False,True,True,1,0.0040143165
95,127,can,action_delay,70,False,False,False,0,0.003041776
95,127,can,action_delay,90,False,True,True,1,0.0050470405
95,127,can,action_delay,110,False,True,True,1,0.005803638
95,127,can,action_delay,130,False,False,False,0,0.027952913
96,127,can,gripper_slip,10,False,True,True,1,0.001088933
96,127,can,gripper_slip,30,False,True,True,1,9.17286e-05
96,127,can,gripper_slip,50,False,True,True,1,0.011645049
96,127,can,gripper_slip,70,False,True,True,1,0.00533836
96,127,can,gripper_slip,90,False,True,True,1,0.0019320222
96,127,can,gripper_slip,110,False,True,True,1,0.07063119
96,127,can,gripper_slip,130,False,True,True,1,0.0021511489
97,127,can,gripper_slip,10,False,True,True,1,5.610081e-05
97,127,can,gripper_slip,30,False,True,True,1,0.0003439686
97,127,can,gripper_slip,50,False,True,True,1,0.0010563743
97,127,can,gripper_slip,70,False,True,True,1,0.14706747
97,127,can,gripper_slip,90,False,True,True,1,0.109858565
97,127,can,gripper_slip,110,False,True,True,1,0.0077393684
97,127,can,gripper_slip,130,False,False,False,0,0.003644688
98,127,can,gripper_slip,10,False,True,True,1,0.00012550048
98,127,can,gripper_slip,30,False,True,True,1,0.00019484162
98,127,can,gripper_slip,50,False,True,True,1,0.0016678825
98,127,can,gripper_slip,70,False,True,True,1,0.026612079
98,127,can,gripper_slip,90,False,True,True,1,0.013439209
98,127,can,gripper_slip,110,False,True,True,1,0.0075079664
98,127,can,gripper_slip,130,False,False,False,0,0.029911974
99,127,can,gripper_slip,10,False,True,True,1,6.7703244e-05
99,127,can,gripper_slip,30,False,True,True,1,9.277052e-05
99,127,can,gripper_slip,50,False,True,True,1,0.0028450633
99,127,can,gripper_slip,70,False,True,True,1,0.015036039
99,127,can,gripper_slip,90,False,True,True,1,0.0095929
99,127,can,gripper_slip,110,False,True,True,1,0.03660943
99,127,can,gripper_slip,130,False,False,False,0,0.00066975737
100,127,milk,nominal,10,True,True,False,0,0.0011849038
100,127,milk,nominal,30,True,True,False,0,0.00011199702
100,127,milk,nominal,50,True,True,False,0,0.008026894
100,127,milk,nominal,70,True,True,False,0,0.000470002
100,127,milk,nominal,90,True,True,False,0,0.0003140971
101,127,milk,nominal,10,True,True,False,0,0.0008140378
101,127,milk,nominal,30,True,True,False,0,0.00022662002
101,127,milk,nominal,50,True,False,False,-1,0.0017142984
101,127,milk,nominal,70,True,False,False,-1,0.00032515265
101,127,milk,nominal,90,True,True,False,0,0.0005057484
102,127,milk,nominal,10,True,True,False,0,0.00031134256
102,127,milk,nominal,30,True,True,False,0,0.00030499772
102,127,milk,nominal,50,True,True,False,0,0.00026871395
102,127,milk,nominal,70,True,True,False,0,0.011204287
103,127,milk,nominal,10,True,True,False,0,0.00023422044
103,127,milk,nominal,30,True,True,False,0,5.3761363e-05
103,127,milk,nominal,50,True,False,False,-1,0.0030332603
103,127,milk,nominal,70,True,False,False,-1,0.00026721813
103,127,milk,nominal,90,True,True,False,0,0.0034086101
104,127,milk,object_shift,10,False,True,True,1,0.00033867473
104,127,milk,object_shift,30,False,True,True,1,0.024182096
104,127,milk,object_shift,50,False,True,True,1,0.007411563
104,127,milk,object_shift,70,False,True,True,1,0.01325336
104,127,milk,object_shift,90,False,False,False,0,0.024652509
104,127,milk,object_shift,110,False,True,True,1,0.017889941
104,127,milk,object_shift,130,False,True,True,1,0.16737767
105,127,milk,object_shift,10,False,True,True,1,0.00026116992
105,127,milk,object_shift,30,False,True,True,1,0.0061416393
105,127,milk,object_shift,50,False,False,False,0,0.0072637214
105,127,milk,object_shift,70,False,True,True,1,0.017806238
105,127,milk,object_shift,90,False,True,True,1,0.026582392
105,127,milk,object_shift,110,False,True,True,1,0.03690759
105,127,milk,object_shift,130,False,True,True,1,0.16427983
106,127,milk,object_shift,10,False,True,True,1,0.026105912
106,127,milk,object_shift,30,False,True,True,1,0.005687199
106,127,milk,object_shift,50,False,True,True,1,0.008135504
106,127,milk,object_shift,70,False,True,True,1,0.008218718
106,127,milk,object_shift,90,False,True,True,1,0.13672486
106,127,milk,object_shift,110,False,True,True,1,0.0019867087
106,127,milk,object_shift,130,False,True,True,1,0.013705078
107,127,milk,object_shift,10,False,True,True,1,0.0057370937
107,127,milk,object_shift,30,False,True,True,1,0.017536972
107,127,milk,object_shift,50,False,True,True,1,0.01350774
107,127,milk,object_shift,70,False,True,True,1,0.010844528
107,127,milk,object_shift,90,False,True,True,1,0.0035650642
107,127,milk,object_shift,110,False,True,True,1,0.0698129
107,127,milk,object_shift,130,False,True,True,1,0.025616536
108,127,milk,action_noise,10,True,True,False,0,0.00033056963
108,127,milk,action_noise,30,True,True,False,0,0.00024530827
108,127,milk,action_noise,50,True,True,False,0,0.00060076
108,127,milk,action_noise,70,True,True,False,0,0.00054867234
109,127,milk,action_noise,10,True,True,False,0,0.00042129788
109,127,milk,action_noise,30,True,True,False,0,0.008966113
109,127,milk,action_noise,50,True,False,False,-1,0.005259947
109,127,milk,action_noise,70,True,False,False,-1,0.0008233115
109,127,milk,action_noise,90,True,True,False,0,0.003738571
109,127,milk,action_noise,110,True,True,False,0,0.022409799
110,127,milk,action_noise,10,True,True,False,0,0.0026945167
110,127,milk,action_noise,30,True,True,False,0,0.00064858125
110,127,milk,action_noise,50,True,True,False,0,0.00033634718
111,127,milk,action_noise,10,False,True,True,1,0.0003617344
111,127,milk,action_noise,30,False,True,True,1,0.00019005395
111,127,milk,action_noise,50,False,True,True,1,0.014563687
111,127,milk,action_noise,70,False,True,True,1,0.0012372272
111,127,milk,action_noise,90,False,False,False,0,0.13897894
111,127,milk,action_noise,110,False,False,False,0,0.004155328
111,127,milk,action_noise,130,False,False,False,0,0.020818433
112,127,milk,action_delay,10,False,True,True,1,0.00039452358
112,127,milk,action_delay,30,False,True,True,1,0.016906288
112,127,milk,action_delay,50,False,False,False,0,0.011077919
112,127,milk,action_delay,70,False,False,False,0,0.0061334795
112,127,milk,action_delay,90,False,False,False,0,0.007391072
112,127,milk,action_delay,110,False,False,False,0,0.0028526378
112,127,milk,action_delay,130,False,False,False,0,0.037313912
113,127,milk,action_delay,10,False,True,True,1,0.00226187
113,127,milk,action_delay,30,False,False,False,0,0.0010097217
113,127,milk,action_delay,50,False,True,True,1,0.0018822312
113,127,milk,action_delay,70,False,True,True,1,0.0023504242
113,127,milk,action_delay,90,False,False,False,0,0.005240436
113,127,milk,action_delay,110,False,False,False,0,0.006671459
113,127,milk,action_delay,130,False,False,False,0,0.0070341756
114,127,milk,action_delay,10,False,True,True,1,0.0002112992
114,127,milk,action_delay,30,False,True,True,1,0.12903218
114,127,milk,action_delay,50,False,True,True,1,0.0009245976
114,127,milk,action_delay,70,False,True,True,1,0.00016690537
114,127,milk,action_delay,90,False,True,True,1,0.0009067086
114,127,milk,action_delay,110,False,True,True,1,0.00047117347
114,127,milk,action_delay,130,False,True,True,1,0.06117904
115,127,milk,action_delay,10,False,True,True,1,0.0005499578
115,127,milk,action_delay,30,False,True,True,1,0.21773173
115,127,milk,action_delay,50,False,True,True,1,0.029350692
115,127,milk,action_delay,70,False,True,True,1,0.00616689
115,127,milk,action_delay,90,False,True,True,1,0.022048745
115,127,milk,action_delay,110,False,False,False,0,0.0012585983
115,127,milk,action_delay,130,False,True,True,1,0.039045442
116,127,milk,gripper_slip,10,False,True,True,1,0.00012268702
116,127,milk,gripper_slip,30,False,True,True,1,0.0034252047
116,127,milk,gripper_slip,50,False,True,True,1,0.0052197548
116,127,milk,gripper_slip,70,False,True,True,1,0.21857223
116,127,milk,gripper_slip,90,False,True,True,1,0.014795532
116,127,milk,gripper_slip,110,False,True,True,1,0.009231654
116,127,milk,gripper_slip,130,False,True,True,1,0.0026946734
117,127,milk,gripper_slip,10,False,True,True,1,0.0001880478
117,127,milk,gripper_slip,30,False,True,True,1,0.0006988239
117,127,milk,gripper_slip,50,False,False,False,0,0.004223215
117,127,milk,gripper_slip,70,False,True,True,1,0.011493655
117,127,milk,gripper_slip,90,False,True,True,1,0.0037885264
117,127,milk,gripper_slip,110,False,False,False,0,0.13296565
117,127,milk,gripper_slip,130,False,False,False,0,0.0096034575
118,127,milk,gripper_slip,10,False,True,True,1,0.0002520668
118,127,milk,gripper_slip,30,False,True,True,1,0.0009756759
118,127,milk,gripper_slip,50,False,True,True,1,0.01289085
118,127,milk,gripper_slip,70,False,True,True,1,0.01075759
118,127,milk,gripper_slip,90,False,True,True,1,0.0034338485
118,127,milk,gripper_slip,110,False,True,True,1,0.024223879
118,127,milk,gripper_slip,130,False,False,False,0,0.0030969921
119,127,milk,gripper_slip,10,False,True,True,1,0.00013310592
119,127,milk,gripper_slip,30,False,True,True,1,0.0048880875
119,127,milk,gripper_slip,50,False,False,False,0,0.0036011187
119,127,milk,gripper_slip,70,False,True,True,1,0.04355836
119,127,milk,gripper_slip,90,False,True,True,1,0.0006840317
119,127,milk,gripper_slip,110,False,False,False,0,0.012852582
119,127,milk,gripper_slip,130,False,True,True,1,0.036905818
120,127,bread,nominal,10,True,True,False,0,0.00026654897
120,127,bread,nominal,30,True,True,False,0,0.00024657542
120,127,bread,nominal,50,True,True,False,0,0.00014921596
120,127,bread,nominal,70,True,True,False,0,0.0043890206
120,127,bread,nominal,90,True,False,False,-1,2.808431e-05
120,127,bread,nominal,110,True,True,False,0,6.3784275e-05
121,127,bread,nominal,10,True,True,False,0,0.000754947
121,127,bread,nominal,30,True,True,False,0,0.00031606443
121,127,bread,nominal,50,True,True,False,0,0.0016179903
121,127,bread,nominal,70,True,False,False,-1,0.00012595874
121,127,bread,nominal,90,True,True,False,0,1.1541301e-05
121,127,bread,nominal,110,True,True,False,0,0.0055119297
122,127,bread,nominal,10,True,True,False,0,9.815114e-05
122,127,bread,nominal,30,True,True,False,0,0.0002021153
122,127,bread,nominal,50,True,True,False,0,0.00012565535
122,127,bread,nominal,70,True,True,False,0,0.000322381
122,127,bread,nominal,90,True,False,False,-1,3.9365168e-05
122,127,bread,nominal,110,True,True,False,0,1.1334203e-05
123,127,bread,nominal,10,True,True,False,0,0.00020292994
123,127,bread,nominal,30,True,True,False,0,0.0039014912
123,127,bread,nominal,50,True,False,False,-1,6.0305374e-05
123,127,bread,nominal,70,True,True,False,0,0.0013645664
124,127,bread,object_shift,10,False,True,True,1,0.00081219285
124,127,bread,object_shift,30,False,True,True,1,0.0015195474
124,127,bread,object_shift,50,False,True,True,1,0.009381914
124,127,bread,object_shift,70,False,True,True,1,0.13108979
124,127,bread,object_shift,90,False,True,True,1,0.01980211
124,127,bread,object_shift,110,False,True,True,1,0.13901801
124,127,bread,object_shift,130,False,True,True,1,0.012367967
125,127,bread,object_shift,10,False,True,True,1,0.007103412
125,127,bread,object_shift,30,False,True,True,1,0.0076094973
125,127,bread,object_shift,50,False,True,True,1,0.011160965
125,127,bread,object_shift,70,False,True,True,1,0.0023067927
125,127,bread,object_shift,90,False,True,True,1,0.0054959883
125,127,bread,object_shift,110,False,True,True,1,0.074444056
125,127,bread,object_shift,130,False,True,True,1,0.11224617
126,127,bread,object_shift,10,True,True,False,0,0.0003808233
126,127,bread,object_shift,30,True,True,False,0,0.00015054285
126,127,bread,object_shift,50,True,True,False,0,0.02633659
126,127,bread,object_shift,70,True,True,False,0,0.00023530693
126,127,bread,object_shift,90,True,False,False,-1,0.00017058651
126,127,bread,object_shift,110,True,True,False,0,0.01927623
127,127,bread,object_shift,10,False,True,True,1,0.0025389665
127,127,bread,object_shift,30,False,True,True,1,0.0040272675
127,127,bread,object_shift,50,False,True,True,1,0.006806925
127,127,bread,object_shift,70,False,True,True,1,0.017591197
127,127,bread,object_shift,90,False,True,True,1,0.06242444
127,127,bread,object_shift,110,False,True,True,1,0.011577607
127,127,bread,object_shift,130,False,True,True,1,0.0009220406
128,127,bread,action_noise,10,True,True,False,0,0.0003777338
128,127,bread,action_noise,30,True,True,False,0,0.0021259952
128,127,bread,action_noise,50,True,True,False,0,0.000398666
128,127,bread,action_noise,70,True,True,False,0,0.0037848582
128,127,bread,action_noise,90,True,False,False,-1,0.0011460128
128,127,bread,action_noise,110,True,True,False,0,0.0033906866
129,127,bread,action_noise,10,True,True,False,0,0.0007306608
129,127,bread,action_noise,30,True,True,False,0,0.00048035817
129,127,bread,action_noise,50,True,True,False,0,0.0004488163
129,127,bread,action_noise,70,True,False,False,-1,0.00030809463
129,127,bread,action_noise,90,True,True,False,0,0.016342135
130,127,bread,action_noise,10,True,True,False,0,0.0011367081
130,127,bread,action_noise,30,True,True,False,0,0.001589044
130,127,bread,action_noise,50,True,True,False,0,0.001480044
130,127,bread,action_noise,70,True,False,False,-1,0.0024474212
130,127,bread,action_noise,90,True,True,False,0,4.337547e-05
131,127,bread,action_noise,10,True,True,False,0,0.00035381134
131,127,bread,action_noise,30,True,True,False,0,0.0011294552
131,127,bread,action_noise,50,True,True,False,0,0.00011452827
131,127,bread,action_noise,70,True,True,False,0,6.920882e-05
131,127,bread,action_noise,90,True,True,False,0,0.0018523827
131,127,bread,action_noise,110,True,True,False,0,0.0030861967
132,127,bread,action_delay,10,True,True,False,0,0.00095909473
132,127,bread,action_delay,30,True,True,False,0,0.00097484596
132,127,bread,action_delay,50,True,True,False,0,0.0014687522
132,127,bread,action_delay,70,True,True,False,0,0.010336682
132,127,bread,action_delay,90,True,False,False,-1,0.0030436013
132,127,bread,action_delay,110,True,True,False,0,0.0051340004
132,127,bread,action_delay,130,True,True,False,0,0.0070670643
133,127,bread,action_delay,10,False,True,True,1,0.0014003742
133,127,bread,action_delay,30,False,True,True,1,0.001425517
133,127,bread,action_delay,50,False,True,True,1,0.005892975
133,127,bread,action_delay,70,False,True,True,1,0.25568357
133,127,bread,action_delay,90,False,True,True,1,0.0028481204
133,127,bread,action_delay,110,False,True,True,1,0.0035354805
133,127,bread,action_delay,130,False,True,True,1,0.028478494
134,127,bread,action_delay,10,False,True,True,1,0.0005039739
134,127,bread,action_delay,30,False,True,True,1,0.14237152
134,127,bread,action_delay,50,False,True,True,1,0.016123494
134,127,bread,action_delay,70,False,True,True,1,0.013164704
134,127,bread,action_delay,90,False,True,True,1,0.008127615
134,127,bread,action_delay,110,False,False,False,0,0.008019819
134,127,bread,action_delay,130,False,False,False,0,0.0049815546
135,127,bread,action_delay,10,False,True,True,1,7.725451e-05
135,127,bread,action_delay,30,False,True,True,1,0.14553542
135,127,bread,action_delay,50,False,True,True,1,0.0009948022
135,127,bread,action_delay,70,False,True,True,1,0.0022184078
135,127,bread,action_delay,90,False,True,True,1,0.008069643
135,127,bread,action_delay,110,False,True,True,1,0.018114505
135,127,bread,action_delay,130,False,True,True,1,0.24962442
136,127,bread,gripper_slip,10,False,True,True,1,0.00095275894
136,127,bread,gripper_slip,30,False,True,True,1,2.8158202e-05
136,127,bread,gripper_slip,50,False,True,True,1,7.011656e-05
136,127,bread,gripper_slip,70,False,True,True,1,0.014970578
136,127,bread,gripper_slip,90,False,True,True,1,0.008141982
136,127,bread,gripper_slip,110,False,True,True,1,0.00849661
136,127,bread,gripper_slip,130,False,True,True,1,0.013226049
137,127,bread,gripper_slip,10,False,True,True,1,0.00030484167
137,127,bread,gripper_slip,30,False,True,True,1,0.000114839626
137,127,bread,gripper_slip,50,False,True,True,1,0.032367654
137,127,bread,gripper_slip,70,False,True,True,1,0.046843257
137,127,bread,gripper_slip,90,False,True,True,1,0.025893401
137,127,bread,gripper_slip,110,False,True,True,1,0.010084708
137,127,bread,gripper_slip,130,False,True,True,1,0.018230049
138,127,bread,gripper_slip,10,False,True,True,1,0.00072089036
138,127,bread,gripper_slip,30,False,True,True,1,0.0007313248
138,127,bread,gripper_slip,50,False,True,True,1,0.00023413825
138,127,bread,gripper_slip,70,False,True,True,1,0.027879596
138,127,bread,gripper_slip,90,False,True,True,1,0.00029200382
138,127,bread,gripper_slip,110,False,True,True,1,0.006724111
138,127,bread,gripper_slip,130,False,True,True,1,0.00842669
139,127,bread,gripper_slip,10,False,True,True,1,0.0007876324
139,127,bread,gripper_slip,30,False,True,True,1,0.00013982273
139,127,bread,gripper_slip,50,False,True,True,1,0.0053624483
139,127,bread,gripper_slip,70,False,True,True,1,0.033737957
139,127,bread,gripper_slip,90,False,True,True,1,0.010232127
139,127,bread,gripper_slip,110,False,True,True,1,0.006431104
139,127,bread,gripper_slip,130,False,True,True,1,0.011714038
140,127,cereal,nominal,10,True,True,False,0,0.00043886938
140,127,cereal,nominal,30,True,True,False,0,0.00035703485
140,127,cereal,nominal,50,True,False,False,-1,0.00026186838
140,127,cereal,nominal,70,True,True,False,0,1.0457593e-05
140,127,cereal,nominal,90,True,True,False,0,4.25031e-06
140,127,cereal,nominal,110,True,True,False,0,6.0423303e-05
141,127,cereal,nominal,10,True,True,False,0,0.00034040588
141,127,cereal,nominal,30,True,True,False,0,0.0017595928
141,127,cereal,nominal,50,True,True,False,0,0.0001073514
141,127,cereal,nominal,70,True,True,False,0,2.4500234e-05
141,127,cereal,nominal,90,True,True,False,0,0.0013722603
142,127,cereal,nominal,10,True,True,False,0,0.018640015
142,127,cereal,nominal,30,True,True,False,0,0.00019714152
142,127,cereal,nominal,50,True,True,False,0,4.5878554e-05
142,127,cereal,nominal,70,True,True,False,0,1.3915946e-05
142,127,cereal,nominal,90,True,True,False,0,0.00053206563
143,127,cereal,nominal,10,True,True,False,0,0.00033836765
143,127,cereal,nominal,30,True,True,False,0,0.0013814417
143,127,cereal,nominal,50,True,True,False,0,1.9035886e-05
143,127,cereal,nominal,70,True,True,False,0,1.27807625e-05
143,127,cereal,nominal,90,True,True,False,0,0.00015614567
144,127,cereal,object_shift,10,True,True,False,0,0.0004676657
144,127,cereal,object_shift,30,True,True,False,0,0.0008146498
144,127,cereal,object_shift,50,True,True,False,0,0.00013311695
144,127,cereal,object_shift,70,True,True,False,0,1.0895654e-05
144,127,cereal,object_shift,90,True,True,False,0,5.0497924e-06
144,127,cereal,object_shift,110,True,True,False,0,8.72263e-05
145,127,cereal,object_shift,10,True,True,False,0,0.00048161225
145,127,cereal,object_shift,30,True,True,False,0,0.00028344427
145,127,cereal,object_shift,50,True,True,False,0,0.0013951603
145,127,cereal,object_shift,70,True,True,False,0,0.00014838517
145,127,cereal,object_shift,90,True,True,False,0,1.4136666e-05
145,127,cereal,object_shift,110,True,True,False,0,2.7579812e-05
145,127,cereal,object_shift,130,True,True,False,0,0.00036569595
146,127,cereal,object_shift,10,False,True,True,1,0.00028755775
146,127,cereal,object_shift,30,False,True,True,1,0.025193173
146,127,cereal,object_shift,50,False,True,True,1,0.030073185
146,127,cereal,object_shift,70,False,False,False,0,0.03398362
146,127,cereal,object_shift,90,False,False,False,0,0.13496964
146,127,cereal,object_shift,110,False,False,False,0,0.02419986
146,127,cereal,object_shift,130,False,False,False,0,0.07809143
147,127,cereal,object_shift,10,False,True,True,1,0.0006809496
147,127,cereal,object_shift,30,False,True,True,1,0.024132643
147,127,cereal,object_shift,50,False,True,True,1,0.029465621
147,127,cereal,object_shift,70,False,False,False,0,0.025155807
147,127,cereal,object_shift,90,False,False,False,0,0.022142146
147,127,cereal,object_shift,110,False,False,False,0,0.049990367
147,127,cereal,object_shift,130,False,False,False,0,0.0053569255
148,127,cereal,action_noise,10,True,True,False,0,0.012610326
148,127,cereal,action_noise,30,True,True,False,0,0.0022541524
148,127,cereal,action_noise,50,True,True,False,0,0.00080978166
148,127,cereal,action_noise,70,True,True,False,0,2.8030667e-05
148,127,cereal,action_noise,90,True,True,False,0,0.0002418706
148,127,cereal,action_noise,110,True,True,False,0,0.0006909686
149,127,cereal,action_noise,10,True,True,False,0,0.00036676732
149,127,cereal,action_noise,30,True,True,False,0,0.00073798787
149,127,cereal,action_noise,50,True,True,False,0,0.0007087469
149,127,cereal,action_noise,70,True,True,False,0,5.9505343e-05
149,127,cereal,action_noise,90,True,True,False,0,1.7158714e-05
149,127,cereal,action_noise,110,True,True,False,0,0.0016148927
150,127,cereal,action_noise,10,True,True,False,0,0.0005288334
150,127,cereal,action_noise,30,True,True,False,0,0.0024004583
150,127,cereal,action_noise,50,True,True,False,0,2.289367e-05
150,127,cereal,action_noise,70,True,True,False,0,4.2682343e-05
150,127,cereal,action_noise,90,True,True,False,0,0.0004594594
150,127,cereal,action_noise,110,True,True,False,0,0.00014342937
151,127,cereal,action_noise,10,True,True,False,0,0.0008190166
151,127,cereal,action_noise,30,True,True,False,0,0.020581195
151,127,cereal,action_noise,50,True,False,False,-1,0.012173931
151,127,cereal,action_noise,70,True,True,False,0,0.0050933314
151,127,cereal,action_noise,90,True,True,False,0,0.0025901243
151,127,cereal,action_noise,110,True,True,False,0,0.009779379
151,127,cereal,action_noise,130,True,True,False,0,0.03204852
152,127,cereal,action_delay,10,False,True,True,1,0.0008037208
152,127,cereal,action_delay,30,False,True,True,1,0.0011088823
152,127,cereal,action_delay,50,False,False,False,0,0.011631421
152,127,cereal,action_delay,70,False,False,False,0,0.0029521477
152,127,cereal,action_delay,90,False,False,False,0,0.023125587
152,127,cereal,action_delay,110,False,False,False,0,0.008623566
152,127,cereal,action_delay,130,False,False,False,0,0.0036701586
153,127,cereal,action_delay,10,False,True,True,1,0.00039756505
153,127,cereal,action_delay,30,False,True,True,1,0.023085235
153,127,cereal,action_delay,50,False,True,True,1,0.13983144
153,127,cereal,action_delay,70,False,True,True,1,0.026413826
153,127,cereal,action_delay,90,False,True,True,1,0.030541752
153,127,cereal,action_delay,110,False,False,False,0,0.012371257
153,127,cereal,action_delay,130,False,True,True,1,0.019612893
154,127,cereal,action_delay,10,True,True,False,0,0.0011329948
154,127,cereal,action_delay,30,True,True,False,0,0.0021416491
154,127,cereal,action_delay,50,True,True,False,0,0.0025540015
154,127,cereal,action_delay,70,True,True,False,0,0.0003122768
154,127,cereal,action_delay,90,True,True,False,0,5.8135243e-05
154,127,cereal,action_delay,110,True,True,False,0,0.0075810854
154,127,cereal,action_delay,130,True,True,False,0,0.014545868
155,127,cereal,action_delay,10,False,True,True,1,0.00047652973
155,127,cereal,action_delay,30,False,True,True,1,0.043332137
155,127,cereal,action_delay,50,False,True,True,1,0.10010778
155,127,cereal,action_delay,70,False,True,True,1,0.16712388
155,127,cereal,action_delay,90,False,True,True,1,0.01892351
155,127,cereal,action_delay,110,False,False,False,0,0.0007644449
155,127,cereal,action_delay,130,False,False,False,0,0.00051698956
156,127,cereal,gripper_slip,10,False,True,True,1,0.000297501
156,127,cereal,gripper_slip,30,False,True,True,1,0.00042701044
156,127,cereal,gripper_slip,50,False,True,True,1,0.005283255
156,127,cereal,gripper_slip,70,False,True,True,1,0.18293405
156,127,cereal,gripper_slip,90,False,True,True,1,0.022439629
156,127,cereal,gripper_slip,110,False,False,False,0,0.14086048
156,127,cereal,gripper_slip,130,False,False,False,0,0.009377011
157,127,cereal,gripper_slip,10,False,True,True,1,0.0007373185
157,127,cereal,gripper_slip,30,False,True,True,1,0.0003148969
157,127,cereal,gripper_slip,50,False,True,True,1,0.011167281
157,127,cereal,gripper_slip,70,False,True,True,1,0.004586253
157,127,cereal,gripper_slip,90,False,True,True,1,0.028046438
157,127,cereal,gripper_slip,110,False,True,True,1,0.055197485
157,127,cereal,gripper_slip,130,False,False,False,0,0.025859352
158,127,cereal,gripper_slip,10,False,True,True,1,0.0012673965
158,127,cereal,gripper_slip,30,False,True,True,1,0.00024176354
158,127,cereal,gripper_slip,50,False,True,True,1,0.030797675
158,127,cereal,gripper_slip,70,False,True,True,1,0.0057650656
158,127,cereal,gripper_slip,90,False,True,True,1,0.14901842
158,127,cereal,gripper_slip,110,False,True,True,1,0.20653541
158,127,cereal,gripper_slip,130,False,True,True,1,0.13642024
159,127,cereal,gripper_slip,10,False,True,True,1,0.00049116253
159,127,cereal,gripper_slip,30,False,True,True,1,0.00038684098
159,127,cereal,gripper_slip,50,False,False,False,0,0.00014019769
159,127,cereal,gripper_slip,70,False,True,True,1,0.0019781399
159,127,cereal,gripper_slip,90,False,True,True,1,0.02813435
159,127,cereal,gripper_slip,110,False,True,True,1,0.02760716
159,127,cereal,gripper_slip,130,False,True,True,1,0.002471811
160,227,can,nominal,10,True,True,False,0,0.00010148022
160,227,can,nominal,30,True,True,False,0,0.021972584
160,227,can,nominal,50,True,False,False,-1,0.00011753493
160,227,can,nominal,70,True,True,False,0,0.00043328892
160,227,can,nominal,90,True,True,False,0,0.0009779976
161,227,can,nominal,10,True,True,False,0,0.010794403
161,227,can,nominal,30,True,True,False,0,0.0009778936
161,227,can,nominal,50,True,True,False,0,0.00017348844
161,227,can,nominal,70,True,True,False,0,0.00026552338
161,227,can,nominal,90,True,True,False,0,0.0007795286
162,227,can,nominal,10,True,True,False,0,8.887932e-05
162,227,can,nominal,30,True,True,False,0,0.0010893903
162,227,can,nominal,50,True,True,False,0,0.000343852
162,227,can,nominal,70,True,False,False,-1,0.00020101441
162,227,can,nominal,90,True,False,False,-1,0.00024686984
162,227,can,nominal,110,True,True,False,0,0.0031318741
163,227,can,nominal,10,True,True,False,0,7.813871e-05
163,227,can,nominal,30,True,True,False,0,0.0008138808
163,227,can,nominal,50,True,True,False,0,0.012122068
163,227,can,nominal,70,True,False,False,-1,0.00035209
163,227,can,nominal,90,True,True,False,0,0.0006783617
164,227,can,object_shift,10,False,True,True,1,0.0007880509
164,227,can,object_shift,30,False,True,True,1,0.0022957958
164,227,can,object_shift,50,False,True,True,1,0.0031506328
164,227,can,object_shift,70,False,True,True,1,0.006207532
164,227,can,object_shift,90,False,True,True,1,0.0016281551
164,227,can,object_shift,110,False,True,True,1,0.0013396887
164,227,can,object_shift,130,False,True,True,1,0.16579251
165,227,can,object_shift,10,True,True,False,0,0.0003462413
165,227,can,object_shift,30,True,True,False,0,0.0028499
165,227,can,object_shift,50,True,True,False,0,0.002110488
165,227,can,object_shift,70,True,True,False,0,0.023738597
165,227,can,object_shift,90,True,True,False,0,0.015878739
165,227,can,object_shift,110,True,True,False,0,0.03209806
165,227,can,object_shift,130,True,True,False,0,0.11630542
166,227,can,object_shift,10,True,True,False,0,5.5713466e-05
166,227,can,object_shift,30,True,True,False,0,0.0002939371
166,227,can,object_shift,50,True,True,False,0,2.943532e-05
166,227,can,object_shift,70,True,False,False,-1,6.264942e-05
166,227,can,object_shift,90,True,True,False,0,0.00018417764
166,227,can,object_shift,110,True,True,False,0,0.00026183896
167,227,can,object_shift,10,True,True,False,0,0.000102390775
167,227,can,object_shift,30,True,True,False,0,6.695528e-05
167,227,can,object_shift,50,True,True,False,0,7.273587e-05
167,227,can,object_shift,70,True,True,False,0,6.889828e-05
167,227,can,object_shift,90,True,False,False,-1,8.190904e-05
167,227,can,object_shift,110,True,True,False,0,0.0002253322
167,227,can,object_shift,130,True,True,False,0,0.00068412843
168,227,can,action_noise,10,True,True,False,0,0.00051432854
168,227,can,action_noise,30,True,True,False,0,0.0034775857
168,227,can,action_noise,50,True,True,False,0,0.09129576
168,227,can,action_noise,70,True,True,False,0,0.042869538
168,227,can,action_noise,90,True,True,False,0,0.005607976
168,227,can,action_noise,110,True,True,False,0,0.00095750333
168,227,can,action_noise,130,True,False,False,-1,0.0006192364
169,227,can,action_noise,10,True,True,False,0,0.00061392615
169,227,can,action_noise,30,True,True,False,0,0.0025679092
169,227,can,action_noise,50,True,True,False,0,0.004424474
169,227,can,action_noise,70,True,True,False,0,0.00063909875
169,227,can,action_noise,90,True,True,False,0,0.0011999692
169,227,can,action_noise,110,True,True,False,0,0.00074361876
170,227,can,action_noise,10,False,True,True,1,0.0006916329
170,227,can,action_noise,30,False,True,True,1,0.005557654
170,227,can,action_noise,50,False,True,True,1,0.085865036
170,227,can,action_noise,70,False,True,True,1,0.00086089555
170,227,can,action_noise,90,False,True,True,1,0.011407974
170,227,can,action_noise,110,False,True,True,1,0.043559622
170,227,can,action_noise,130,False,True,True,1,0.0099012675
171,227,can,action_noise,10,True,True,False,0,3.5948102e-05
171,227,can,action_noise,30,True,True,False,0,0.0006022503
171,227,can,action_noise,50,True,True,False,0,0.009808165
171,227,can,action_noise,70,True,False,False,-1,0.0003714501
171,227,can,action_noise,90,True,True,False,0,0.0003336758
171,227,can,action_noise,110,True,True,False,0,0.00032480253
172,227,can,action_delay,10,False,True,True,1,0.00020017824
172,227,can,action_delay,30,False,True,True,1,0.009739293
172,227,can,action_delay,50,False,True,True,1,0.013740347
172,227,can,action_delay,70,False,True,True,1,0.014929489
172,227,can,action_delay,90,False,True,True,1,0.013350108
172,227,can,action_delay,110,False,True,True,1,0.05085722
172,227,can,action_delay,130,False,True,True,1,0.010245764
173,227,can,action_delay,10,False,True,True,1,0.00024652027
173,227,can,action_delay,30,False,True,True,1,0.00078119745
173,227,can,action_delay,50,False,True,True,1,0.0008054982
173,227,can,action_delay,70,False,False,False,0,0.036528397
173,227,can,action_delay,90,False,False,False,0,0.027425203
173,227,can,action_delay,110,False,False,False,0,0.0064592757
173,227,can,action_delay,130,False,False,False,0,0.013065683
174,227,can,action_delay,10,False,True,True,1,0.0029453903
174,227,can,action_delay,30,False,True,True,1,0.0033010668
174,227,can,action_delay,50,False,True,True,1,0.0104997335
174,227,can,action_delay,70,False,True,True,1,0.008615202
174,227,can,action_delay,90,False,True,True,1,0.016715778
174,227,can,action_delay,110,False,True,True,1,0.0134020215
174,227,can,action_delay,130,False,False,False,0,0.003559423
175,227,can,action_delay,10,True,True,False,0,0.00015060953
175,227,can,action_delay,30,True,True,False,0,0.15598333
175,227,can,action_delay,50,True,True,False,0,0.003870247
175,227,can,action_delay,70,True,True,False,0,0.0033316053
175,227,can,action_delay,90,True,False,False,-1,0.00043657282
175,227,can,action_delay,110,True,True,False,0,0.0004358396
175,227,can,action_delay,130,True,True,False,0,0.0079057
176,227,can,gripper_slip,10,False,True,True,1,6.199922e-05
176,227,can,gripper_slip,30,False,True,True,1,6.759136e-05
176,227,can,gripper_slip,50,False,True,True,1,0.03112435
176,227,can,gripper_slip,70,False,True,True,1,0.019633872
176,227,can,gripper_slip,90,False,True,True,1,0.023464555
176,227,can,gripper_slip,110,False,True,True,1,0.013000057
176,227,can,gripper_slip,130,False,True,True,1,0.019335711
177,227,can,gripper_slip,10,True,True,False,0,0.00010195214
177,227,can,gripper_slip,30,True,True,False,0,0.00026887422
177,227,can,gripper_slip,50,True,True,False,0,0.01756637
177,227,can,gripper_slip,70,True,True,False,0,0.011393777
177,227,can,gripper_slip,90,True,True,False,0,0.11142175
177,227,can,gripper_slip,110,True,True,False,0,0.04330927
177,227,can,gripper_slip,130,True,True,False,0,0.023460554
178,227,can,gripper_slip,10,False,True,True,1,0.00011592566
178,227,can,gripper_slip,30,False,True,True,1,0.00026171762
178,227,can,gripper_slip,50,False,True,True,1,0.011859996
178,227,can,gripper_slip,70,False,True,True,1,0.11623033
178,227,can,gripper_slip,90,False,True,True,1,0.016838586
178,227,can,gripper_slip,110,False,False,False,0,0.007862653
178,227,can,gripper_slip,130,False,False,False,0,0.13562043
179,227,can,gripper_slip,10,False,True,True,1,0.0003121656
179,227,can,gripper_slip,30,False,True,True,1,0.0026547709
179,227,can,gripper_slip,50,False,True,True,1,0.16465804
179,227,can,gripper_slip,70,False,True,True,1,0.0006965608
179,227,can,gripper_slip,90,False,True,True,1,0.006447061
179,227,can,gripper_slip,110,False,True,True,1,0.0015355869
179,227,can,gripper_slip,130,False,True,True,1,0.0043004774
180,227,milk,nominal,10,True,True,False,0,0.00022164918
180,227,milk,nominal,30,True,True,False,0,0.00018762094
180,227,milk,nominal,50,True,True,False,0,7.9462225e-05
181,227,milk,nominal,10,True,True,False,0,0.00044049622
181,227,milk,nominal,30,True,True,False,0,0.0011928721
181,227,milk,nominal,50,True,True,False,0,0.0001631561
181,227,milk,nominal,70,True,True,False,0,0.003792789
182,227,milk,nominal,10,True,True,False,0,0.0032201433
182,227,milk,nominal,30,True,True,False,0,5.7058784e-05
182,227,milk,nominal,50,True,True,False,0,0.00016266522
182,227,milk,nominal,70,True,True,False,0,7.5402146e-05
183,227,milk,nominal,10,True,True,False,0,0.00014556633
183,227,milk,nominal,30,True,True,False,0,0.00011672759
183,227,milk,nominal,50,True,True,False,0,4.6886216e-05
183,227,milk,nominal,70,True,True,False,0,7.358139e-05
184,227,milk,object_shift,10,False,True,True,1,0.0002998979
184,227,milk,object_shift,30,False,True,True,1,0.010335614
184,227,milk,object_shift,50,False,True,True,1,0.010043417
184,227,milk,object_shift,70,False,True,True,1,0.009628487
184,227,milk,object_shift,90,False,True,True,1,0.009845572
184,227,milk,object_shift,110,False,True,True,1,0.013102992
184,227,milk,object_shift,130,False,True,True,1,0.017418493
185,227,milk,object_shift,10,False,True,True,1,0.000113941634
185,227,milk,object_shift,30,False,False,False,0,0.009264511
185,227,milk,object_shift,50,False,False,False,0,0.010861604
185,227,milk,object_shift,70,False,False,False,0,0.010510111
185,227,milk,object_shift,90,False,False,False,0,0.012235091
185,227,milk,object_shift,110,False,False,False,0,0.012518598
185,227,milk,object_shift,130,False,False,False,0,0.016473355
186,227,milk,object_shift,10,True,True,False,0,0.00025683254
186,227,milk,object_shift,30,True,True,False,0,0.00020696854
186,227,milk,object_shift,50,True,False,False,-1,0.0005439523
186,227,milk,object_shift,70,True,False,False,-1,0.00013171046
186,227,milk,object_shift,90,True,True,False,0,8.2981176e-05
187,227,milk,object_shift,10,True,True,False,0,0.00044602988
187,227,milk,object_shift,30,True,True,False,0,0.00018321164
187,227,milk,object_shift,50,True,True,False,0,0.0023488365
187,227,milk,object_shift,70,True,True,False,0,0.00013140829
187,227,milk,object_shift,90,True,True,False,0,0.0010719559
188,227,milk,action_noise,10,True,True,False,0,0.00309158
188,227,milk,action_noise,30,True,True,False,0,0.000939655
188,227,milk,action_noise,50,True,False,False,-1,0.0005906276
188,227,milk,action_noise,70,True,True,False,0,0.000114025934
189,227,milk,action_noise,10,True,True,False,0,0.0005736373
189,227,milk,action_noise,30,True,True,False,0,0.0003461415
189,227,milk,action_noise,50,True,True,False,0,0.0004089962
189,227,milk,action_noise,70,True,True,False,0,0.00017941231
190,227,milk,action_noise,10,True,True,False,0,0.0002617285
190,227,milk,action_noise,30,True,False,False,-1,0.0052016503
190,227,milk,action_noise,50,True,True,False,0,9.550859e-05
191,227,milk,action_noise,10,True,True,False,0,8.793528e-05
191,227,milk,action_noise,30,True,True,False,0,0.0015709702
191,227,milk,action_noise,50,True,True,False,0,0.00026207397
191,227,milk,action_noise,70,True,True,False,0,0.0016491041
192,227,milk,action_delay,10,True,True,False,0,0.0009603667
192,227,milk,action_delay,30,True,True,False,0,0.0044105067
192,227,milk,action_delay,50,True,True,False,0,0.0055914638
192,227,milk,action_delay,70,True,True,False,0,7.27531e-05
192,227,milk,action_delay,90,True,True,False,0,0.00025754605
192,227,milk,action_delay,110,True,True,False,0,0.0012503996
193,227,milk,action_delay,10,False,True,True,1,7.978109e-05
193,227,milk,action_delay,30,False,True,True,1,0.0053375065
193,227,milk,action_delay,50,False,True,True,1,0.31387767
193,227,milk,action_delay,70,False,False,False,0,0.046039242
193,227,milk,action_delay,90,False,False,False,0,0.0040370636
193,227,milk,action_delay,110,False,False,False,0,0.11262928
193,227,milk,action_delay,130,False,False,False,0,0.2624531
194,227,milk,action_delay,10,False,True,True,1,0.00031372227
194,227,milk,action_delay,30,False,True,True,1,0.0034017253
194,227,milk,action_delay,50,False,False,False,0,0.0013417877
194,227,milk,action_delay,70,False,False,False,0,0.016831782
194,227,milk,action_delay,90,False,False,False,0,0.013024264
194,227,milk,action_delay,110,False,False,False,0,0.030050326
194,227,milk,action_delay,130,False,False,False,0,0.029111607
195,227,milk,action_delay,10,False,True,True,1,0.0005071115
195,227,milk,action_delay,30,False,True,True,1,0.011011964
195,227,milk,action_delay,50,False,False,False,0,0.004020091
195,227,milk,action_delay,70,False,False,False,0,0.022583768
195,227,milk,action_delay,90,False,False,False,0,0.028687289
195,227,milk,action_delay,110,False,False,False,0,0.027762761
195,227,milk,action_delay,130,False,False,False,0,0.024854383
196,227,milk,gripper_slip,10,False,True,True,1,0.00037596485
196,227,milk,gripper_slip,30,False,True,True,1,0.00042024066
196,227,milk,gripper_slip,50,False,True,True,1,0.010977455
196,227,milk,gripper_slip,70,False,True,True,1,0.001810298
196,227,milk,gripper_slip,90,False,True,True,1,0.0002283556
196,227,milk,gripper_slip,110,False,True,True,1,0.02323212
196,227,milk,gripper_slip,130,False,True,True,1,0.08863375
197,227,milk,gripper_slip,10,False,True,True,1,8.2392966e-05
197,227,milk,gripper_slip,30,False,True,True,1,0.0001420816
197,227,milk,gripper_slip,50,False,True,True,1,0.0033980387
197,227,milk,gripper_slip,70,False,True,True,1,0.0066609336
197,227,milk,gripper_slip,90,False,False,False,0,0.020042894
197,227,milk,gripper_slip,110,False,True,True,1,0.0012768515
197,227,milk,gripper_slip,130,False,True,True,1,0.121851675
198,227,milk,gripper_slip,10,False,True,True,1,0.00024670112
198,227,milk,gripper_slip,30,False,True,True,1,0.000502257
198,227,milk,gripper_slip,50,False,False,False,0,0.0006926344
198,227,milk,gripper_slip,70,False,True,True,1,0.002149696
198,227,milk,gripper_slip,90,False,True,True,1,0.03079443
198,227,milk,gripper_slip,110,False,True,True,1,0.0071854023
198,227,milk,gripper_slip,130,False,False,False,0,0.11893324
199,227,milk,gripper_slip,10,True,True,False,0,0.00038978228
199,227,milk,gripper_slip,30,True,False,False,-1,0.01401811
199,227,milk,gripper_slip,50,True,True,False,0,0.0014054987
199,227,milk,gripper_slip,70,True,True,False,0,0.0039253486
199,227,milk,gripper_slip,90,True,True,False,0,0.0034480095
200,227,bread,nominal,10,True,True,False,0,0.00018571282
200,227,bread,nominal,30,True,True,False,0,0.00022284237
200,227,bread,nominal,50,True,True,False,0,0.000335068
200,227,bread,nominal,70,True,True,False,0,0.035530373
200,227,bread,nominal,90,True,False,False,-1,0.009526826
200,227,bread,nominal,110,True,True,False,0,0.0028912781
200,227,bread,nominal,130,True,True,False,0,0.0004181966
201,227,bread,nominal,10,False,True,True,1,0.00032542873
201,227,bread,nominal,30,False,True,True,1,0.0032126314
201,227,bread,nominal,50,False,True,True,1,0.00040167922
201,227,bread,nominal,70,False,True,True,1,0.018020516
201,227,bread,nominal,90,False,True,True,1,0.0025426757
201,227,bread,nominal,110,False,True,True,1,0.008755003
201,227,bread,nominal,130,False,True,True,1,0.22999607
202,227,bread,nominal,10,True,True,False,0,0.0005259465
202,227,bread,nominal,30,True,True,False,0,0.00095607725
202,227,bread,nominal,50,True,True,False,0,0.00022609359
202,227,bread,nominal,70,True,True,False,0,0.0027730358
202,227,bread,nominal,90,True,True,False,0,4.3746328e-05
202,227,bread,nominal,110,True,True,False,0,9.591647e-05
202,227,bread,nominal,130,True,True,False,0,0.00023150032
203,227,bread,nominal,10,True,True,False,0,0.00011378391
203,227,bread,nominal,30,True,True,False,0,0.004318333
203,227,bread,nominal,50,True,False,False,-1,8.025714e-05
203,227,bread,nominal,70,True,True,False,0,5.966362e-05
203,227,bread,nominal,90,True,True,False,0,0.0045269798
204,227,bread,object_shift,10,True,True,False,0,0.000380856
204,227,bread,object_shift,30,True,True,False,0,0.00018921723
204,227,bread,object_shift,50,True,True,False,0,0.0001320631
204,227,bread,object_shift,70,True,True,False,0,0.0005579943
204,227,bread,object_shift,90,True,False,False,-1,0.00015852426
204,227,bread,object_shift,110,True,True,False,0,0.0007215162
205,227,bread,object_shift,10,True,True,False,0,0.0005064216
205,227,bread,object_shift,30,True,True,False,0,0.0002898162
205,227,bread,object_shift,50,True,True,False,0,0.00029734214
205,227,bread,object_shift,70,True,True,False,0,0.0034857194
205,227,bread,object_shift,90,True,True,False,0,0.026340565
205,227,bread,object_shift,110,True,True,False,0,0.009073677
205,227,bread,object_shift,130,True,False,False,-1,0.00041959758
206,227,bread,object_shift,10,False,True,True,1,0.0001376717
206,227,bread,object_shift,30,False,True,True,1,0.0035899193
206,227,bread,object_shift,50,False,True,True,1,0.014251246
206,227,bread,object_shift,70,False,True,True,1,0.012140058
206,227,bread,object_shift,90,False,True,True,1,0.014544732
206,227,bread,object_shift,110,False,True,True,1,0.019592835
206,227,bread,object_shift,130,False,True,True,1,0.021459067
207,227,bread,object_shift,10,False,True,True,1,0.0006465881
207,227,bread,object_shift,30,False,False,False,0,0.13432913
207,227,bread,object_shift,50,False,False,False,0,0.021352222
207,227,bread,object_shift,70,False,False,False,0,0.022675963
207,227,bread,object_shift,90,False,False,False,0,0.12486194
207,227,bread,object_shift,110,False,False,False,0,0.02884514
207,227,bread,object_shift,130,False,False,False,0,0.11482113
208,227,bread,action_noise,10,True,True,False,0,0.00028601973
208,227,bread,action_noise,30,True,True,False,0,0.00019993007
208,227,bread,action_noise,50,True,True,False,0,0.0034633658
208,227,bread,action_noise,70,True,True,False,0,0.00018102072
208,227,bread,action_noise,90,True,False,False,-1,0.00011682195
208,227,bread,action_noise,110,True,True,False,0,8.0411184e-05
209,227,bread,action_noise,10,True,True,False,0,0.00030017883
209,227,bread,action_noise,30,True,True,False,0,0.00017225862
209,227,bread,action_noise,50,True,True,False,0,0.0019854547
209,227,bread,action_noise,70,True,False,False,-1,0.00025292695
209,227,bread,action_noise,90,True,True,False,0,0.00066600455
210,227,bread,action_noise,10,True,True,False,0,0.0027407627
210,227,bread,action_noise,30,True,True,False,0,0.00044830522
210,227,bread,action_noise,50,True,True,False,0,0.00031630453
210,227,bread,action_noise,70,True,False,False,-1,0.0010072303
210,227,bread,action_noise,90,True,True,False,0,0.00019616386
211,227,bread,action_noise,10,True,True,False,0,0.00025106224
211,227,bread,action_noise,30,True,True,False,0,0.00018055589
211,227,bread,action_noise,50,True,True,False,0,0.00036835228
211,227,bread,action_noise,70,True,True,False,0,0.0004841943
211,227,bread,action_noise,90,True,True,False,0,0.005349652
211,227,bread,action_noise,110,True,True,False,0,0.00057731254
212,227,bread,action_delay,10,False,True,True,1,0.0006546689
212,227,bread,action_delay,30,False,True,True,1,0.13940455
212,227,bread,action_delay,50,False,True,True,1,0.023399334
212,227,bread,action_delay,70,False,True,True,1,0.04643621
212,227,bread,action_delay,90,False,True,True,1,0.1880476
212,227,bread,action_delay,110,False,True,True,1,0.0019315447
212,227,bread,action_delay,130,False,True,True,1,0.0066397325
213,227,bread,action_delay,10,False,True,True,1,0.004256322
213,227,bread,action_delay,30,False,True,True,1,0.046562046
213,227,bread,action_delay,50,False,True,True,1,0.010704929
213,227,bread,action_delay,70,False,True,True,1,0.0046705147
213,227,bread,action_delay,90,False,False,False,0,0.028335808
213,227,bread,action_delay,110,False,True,True,1,0.015923962
213,227,bread,action_delay,130,False,False,False,0,0.097275876
214,227,bread,action_delay,10,False,True,True,1,0.00244079
214,227,bread,action_delay,30,False,True,True,1,0.25169975
214,227,bread,action_delay,50,False,True,True,1,0.003173644
214,227,bread,action_delay,70,False,False,False,0,0.022888994
214,227,bread,action_delay,90,False,True,True,1,0.032027233
214,227,bread,action_delay,110,False,True,True,1,0.10620541
214,227,bread,action_delay,130,False,False,False,0,0.09433581
215,227,bread,action_delay,10,False,True,True,1,0.0024336202
215,227,bread,action_delay,30,False,True,True,1,0.0018206618
215,227,bread,action_delay,50,False,True,True,1,0.0045373146
215,227,bread,action_delay,70,False,True,True,1,0.034094553
215,227,bread,action_delay,90,False,True,True,1,0.013053394
215,227,bread,action_delay,110,False,True,True,1,0.021379534
215,227,bread,action_delay,130,False,True,True,1,0.06494028
216,227,bread,gripper_slip,10,False,True,True,1,0.00059282634
216,227,bread,gripper_slip,30,False,True,True,1,0.00029919576
216,227,bread,gripper_slip,50,False,True,True,1,0.011242528
216,227,bread,gripper_slip,70,False,True,True,1,0.0028087911
216,227,bread,gripper_slip,90,False,True,True,1,0.23979728
216,227,bread,gripper_slip,110,False,True,True,1,0.018852012
216,227,bread,gripper_slip,130,False,True,True,1,0.026974933
217,227,bread,gripper_slip,10,False,True,True,1,0.00096852944
217,227,bread,gripper_slip,30,False,True,True,1,8.402256e-05
217,227,bread,gripper_slip,50,False,True,True,1,0.006227468
217,227,bread,gripper_slip,70,False,True,True,1,0.006770238
217,227,bread,gripper_slip,90,False,True,True,1,0.0052975332
217,227,bread,gripper_slip,110,False,True,True,1,0.0012979676
217,227,bread,gripper_slip,130,False,True,True,1,0.008454443
218,227,bread,gripper_slip,10,False,True,True,1,0.0003724338
218,227,bread,gripper_slip,30,False,True,True,1,0.000263864
218,227,bread,gripper_slip,50,False,True,True,1,0.022336403
218,227,bread,gripper_slip,70,False,True,True,1,0.08803732
218,227,bread,gripper_slip,90,False,True,True,1,0.012682425
218,227,bread,gripper_slip,110,False,True,True,1,0.018283797
218,227,bread,gripper_slip,130,False,True,True,1,0.02678132
219,227,bread,gripper_slip,10,False,True,True,1,0.0003116043
219,227,bread,gripper_slip,30,False,True,True,1,0.11968814
219,227,bread,gripper_slip,50,False,True,True,1,0.1298323
219,227,bread,gripper_slip,70,False,True,True,1,0.12512626
219,227,bread,gripper_slip,90,False,True,True,1,0.019216713
219,227,bread,gripper_slip,110,False,False,False,0,0.14753874
219,227,bread,gripper_slip,130,False,False,False,0,0.00748814
220,227,cereal,nominal,10,True,True,False,0,0.0007652834
220,227,cereal,nominal,30,True,True,False,0,0.00048409807
220,227,cereal,nominal,50,True,True,False,0,9.7092605e-05
220,227,cereal,nominal,70,True,True,False,0,4.116735e-06
220,227,cereal,nominal,90,True,True,False,0,4.612077e-05
220,227,cereal,nominal,110,True,True,False,0,0.00091052
221,227,cereal,nominal,10,True,True,False,0,0.0043454138
221,227,cereal,nominal,30,True,True,False,0,0.00019746217
221,227,cereal,nominal,50,True,True,False,0,1.0308176e-05
221,227,cereal,nominal,70,True,True,False,0,6.4685987e-06
221,227,cereal,nominal,90,True,True,False,0,0.0020023307
222,227,cereal,nominal,10,True,True,False,0,0.0007030051
222,227,cereal,nominal,30,True,True,False,0,0.00010897586
222,227,cereal,nominal,50,True,True,False,0,2.4847122e-06
222,227,cereal,nominal,70,True,True,False,0,6.4102614e-06
222,227,cereal,nominal,90,True,True,False,0,0.0014204839
223,227,cereal,nominal,10,True,True,False,0,0.000369085
223,227,cereal,nominal,30,True,True,False,0,0.001224746
223,227,cereal,nominal,50,True,False,False,-1,3.456009e-05
223,227,cereal,nominal,70,True,False,False,-1,9.352714e-06
223,227,cereal,nominal,90,True,True,False,0,3.0343333e-06
223,227,cereal,nominal,110,True,True,False,0,0.0016538006
224,227,cereal,object_shift,10,False,True,True,1,0.0002517276
224,227,cereal,object_shift,30,False,True,True,1,0.00018704953
224,227,cereal,object_shift,50,False,True,True,1,0.00227479
224,227,cereal,object_shift,70,False,True,True,1,0.0033154306
224,227,cereal,object_shift,90,False,True,True,1,0.0037642058
224,227,cereal,object_shift,110,False,True,True,1,0.006834627
224,227,cereal,object_shift,130,False,True,True,1,0.042194046
225,227,cereal,object_shift,10,True,True,False,0,0.0005975921
225,227,cereal,object_shift,30,True,True,False,0,0.0001747048
225,227,cereal,object_shift,50,True,True,False,0,0.00013798437
225,227,cereal,object_shift,70,True,True,False,0,3.2520576e-05
225,227,cereal,object_shift,90,True,True,False,0,3.5470764e-06
225,227,cereal,object_shift,110,True,True,False,0,0.0021790583
226,227,cereal,object_shift,10,True,True,False,0,0.011378494
226,227,cereal,object_shift,30,True,False,False,-1,0.0049877255
226,227,cereal,object_shift,50,True,False,False,-1,0.016081447
226,227,cereal,object_shift,70,True,True,False,0,6.9927155e-05
226,227,cereal,object_shift,90,True,False,False,-1,0.00023865527
226,227,cereal,object_shift,110,True,True,False,0,0.001728197
227,227,cereal,object_shift,10,True,True,False,0,0.000604619
227,227,cereal,object_shift,30,True,True,False,0,0.0002498392
227,227,cereal,object_shift,50,True,True,False,0,0.0013008312
227,227,cereal,object_shift,70,True,True,False,0,8.208208e-05
227,227,cereal,object_shift,90,True,True,False,0,1.6263652e-05
227,227,cereal,object_shift,110,True,True,False,0,7.618975e-05
227,227,cereal,object_shift,130,True,True,False,0,8.508559e-05
228,227,cereal,action_noise,10,True,True,False,0,0.0023007274
228,227,cereal,action_noise,30,True,True,False,0,0.0011165448
228,227,cereal,action_noise,50,True,True,False,0,8.197067e-05
228,227,cereal,action_noise,70,True,True,False,0,8.647839e-05
228,227,cereal,action_noise,90,True,True,False,0,0.07360661
229,227,cereal,action_noise,10,True,True,False,0,0.00024110203
229,227,cereal,action_noise,30,True,True,False,0,0.0023942445
229,227,cereal,action_noise,50,True,True,False,0,0.0007485539
229,227,cereal,action_noise,70,True,True,False,0,0.00031252828
229,227,cereal,action_noise,90,True,True,False,0,0.00019451042
229,227,cereal,action_noise,110,True,True,False,0,0.00087536796
230,227,cereal,action_noise,10,True,True,False,0,0.0006638971
230,227,cereal,action_noise,30,True,True,False,0,0.00027095882
230,227,cereal,action_noise,50,True,True,False,0,5.6471497e-05
230,227,cereal,action_noise,70,True,True,False,0,0.0007883009
230,227,cereal,action_noise,90,True,True,False,0,0.0006656984
231,227,cereal,action_noise,10,True,True,False,0,0.0004187743
231,227,cereal,action_noise,30,True,True,False,0,0.0026677176
231,227,cereal,action_noise,50,True,True,False,0,7.8039644e-05
231,227,cereal,action_noise,70,True,True,False,0,0.000116791816
231,227,cereal,action_noise,90,True,True,False,0,0.00030945303
231,227,cereal,action_noise,110,True,True,False,0,0.0005157736
232,227,cereal,action_delay,10,False,True,True,1,0.00057991187
232,227,cereal,action_delay,30,False,True,True,1,0.0015580801
232,227,cereal,action_delay,50,False,False,False,0,0.00988166
232,227,cereal,action_delay,70,False,False,False,0,0.023201454
232,227,cereal,action_delay,90,False,False,False,0,0.01562568
232,227,cereal,action_delay,110,False,False,False,0,0.0077093383
232,227,cereal,action_delay,130,False,False,False,0,0.016118398
233,227,cereal,action_delay,10,False,True,True,1,0.00029700217
233,227,cereal,action_delay,30,False,True,True,1,0.002587415
233,227,cereal,action_delay,50,False,True,True,1,0.010778298
233,227,cereal,action_delay,70,False,True,True,1,0.007700858
233,227,cereal,action_delay,90,False,True,True,1,0.008636999
233,227,cereal,action_delay,110,False,True,True,1,0.0179183
233,227,cereal,action_delay,130,False,True,True,1,0.037513763
234,227,cereal,action_delay,10,False,True,True,1,0.0005016189
234,227,cereal,action_delay,30,False,True,True,1,0.0072972747
234,227,cereal,action_delay,50,False,True,True,1,0.1882734
234,227,cereal,action_delay,70,False,True,True,1,0.0598247
234,227,cereal,action_delay,90,False,False,False,0,0.009044542
234,227,cereal,action_delay,110,False,False,False,0,0.061022855
234,227,cereal,action_delay,130,False,False,False,0,0.012633207
235,227,cereal,action_delay,10,False,True,True,1,0.0012105328
235,227,cereal,action_delay,30,False,True,True,1,0.0010463546
235,227,cereal,action_delay,50,False,True,True,1,0.044714652
235,227,cereal,action_delay,70,False,False,False,0,0.022465555
235,227,cereal,action_delay,90,False,True,True,1,0.01579189
235,227,cereal,action_delay,110,False,True,True,1,0.014453798
235,227,cereal,action_delay,130,False,False,False,0,0.01593685
236,227,cereal,gripper_slip,10,False,True,True,1,0.009136839
236,227,cereal,gripper_slip,30,False,True,True,1,0.00041673722
236,227,cereal,gripper_slip,50,False,True,True,1,0.019684022
236,227,cereal,gripper_slip,70,False,True,True,1,0.0076343566
236,227,cereal,gripper_slip,90,False,True,True,1,0.012623544
236,227,cereal,gripper_slip,110,False,False,False,0,0.13384159
236,227,cereal,gripper_slip,130,False,False,False,0,0.005492357
237,227,cereal,gripper_slip,10,False,True,True,1,0.000633597
237,227,cereal,gripper_slip,30,False,True,True,1,0.0003964038
237,227,cereal,gripper_slip,50,False,True,True,1,0.15038037
237,227,cereal,gripper_slip,70,False,True,True,1,0.0047440864
237,227,cereal,gripper_slip,90,False,False,False,0,0.023495194
237,227,cereal,gripper_slip,110,False,False,False,0,0.008911553
237,227,cereal,gripper_slip,130,False,False,False,0,0.077919535
238,227,cereal,gripper_slip,10,False,True,True,1,0.008890698
238,227,cereal,gripper_slip,30,False,True,True,1,0.0019243368
238,227,cereal,gripper_slip,50,False,True,True,1,0.0017131184
238,227,cereal,gripper_slip,70,False,True,True,1,0.0032908798
238,227,cereal,gripper_slip,90,False,True,True,1,0.01954134
238,227,cereal,gripper_slip,110,False,True,True,1,0.007715952
238,227,cereal,gripper_slip,130,False,False,False,0,0.048711244
239,227,cereal,gripper_slip,10,False,True,True,1,6.257345e-05
239,227,cereal,gripper_slip,30,False,True,True,1,0.0008022707
239,227,cereal,gripper_slip,50,False,True,True,1,0.0089049665
239,227,cereal,gripper_slip,70,False,True,True,1,0.029821035
239,227,cereal,gripper_slip,90,False,True,True,1,0.033073973
239,227,cereal,gripper_slip,110,False,False,False,0,0.0803627
239,227,cereal,gripper_slip,130,False,False,False,0,0.18752642
