condition,disturbance,episode,seed,success,disturbance_fired,recovered,steps,total_reward,trigger_step,final_can_x,final_can_y,final_can_z
baseline,nominal,0,400027,True,False,False,133,47.00042901179332,,0.1599746495485305,0.4199042320251465,0.8601894378662109
baseline,nominal,1,400028,True,False,False,130,42.780763943708216,,0.1706975102424621,0.4022637009620666,0.8697915077209473
baseline,nominal,2,400029,True,False,False,91,38.78282381469166,,0.1688254326581955,0.4031586349010467,0.8596880435943604
baseline,nominal,3,400030,True,False,False,120,39.21719522666898,,0.1709388494491577,0.3996252119541168,0.8687209486961365
baseline,nominal,4,400031,True,False,False,107,43.338722375016175,,0.1607304960489273,0.4145562052726745,0.861784815788269
baseline,nominal,5,400032,True,False,False,113,38.02435092312166,,0.1623126119375229,0.410904586315155,0.8603038191795349
baseline,nominal,6,400033,True,False,False,128,44.63631186705561,,0.1673349738121032,0.40965136885643,0.8594236373901367
baseline,nominal,7,400034,True,False,False,98,40.02081657138542,,0.1686909198760986,0.4019731283187866,0.8588328957557678
baseline,nominal,8,400035,True,False,False,129,44.447268736797355,,0.179057314991951,0.4017707407474518,0.8602579236030579
baseline,nominal,9,400036,True,False,False,130,43.69090704364334,,0.1582973748445511,0.4098951816558838,0.8593209385871887
baseline,nominal,10,400037,True,False,False,121,42.8371635263001,,0.1624185889959335,0.4189064502716064,0.860459566116333
baseline,nominal,11,400038,True,False,False,126,45.73535835858078,,0.1503534764051437,0.4250414073467254,0.8618639707565308
baseline,nominal,12,400039,True,False,False,125,45.981567782188016,,0.1531431525945663,0.4256128966808319,0.8646447062492371
baseline,nominal,13,400040,True,False,False,95,39.25317471552099,,0.1715544760227203,0.3973771333694458,0.859580397605896
baseline,nominal,14,400041,True,False,False,113,40.20083672105538,,0.1742441654205322,0.4015157520771026,0.8606798648834229
baseline,nominal,15,400042,True,False,False,91,38.18842699375017,,0.1716936826705932,0.3970177471637726,0.8596228361129761
baseline,nominal,16,400043,True,False,False,114,39.88353799648747,,0.1611766815185547,0.4178416728973388,0.859809935092926
baseline,nominal,17,400044,True,False,False,105,39.8957587404991,,0.1662953495979309,0.4099313020706177,0.8600956797599792
baseline,nominal,18,400045,True,False,False,126,45.442022494034575,,0.1551365554332733,0.4265841543674469,0.8600314259529114
baseline,nominal,19,400046,True,False,False,128,43.734170847608155,,0.1809336543083191,0.4002710282802582,0.8600092530250549
baseline,nominal,20,400047,True,False,False,110,43.48075599552685,,0.1589026004076004,0.419140487909317,0.8618243336677551
baseline,nominal,21,400048,True,False,False,115,38.377986440080555,,0.1617396473884582,0.4070335626602173,0.860478401184082
baseline,nominal,22,400049,True,False,False,102,42.31811368181984,,0.1571917086839676,0.4133484363555908,0.8607102632522583
baseline,nominal,23,400050,True,False,False,126,44.270268668750646,,0.1667084842920303,0.4084009826183319,0.8591839671134949
baseline,nominal,24,400051,True,False,False,103,36.190344829755254,,0.1634843945503235,0.4098076224327087,0.8603139519691467
baseline,nominal,25,400052,True,False,False,122,43.26797424157661,,0.1594107300043106,0.4091695547103882,0.8596591949462891
baseline,nominal,26,400053,True,False,False,131,42.86154436063057,,0.1741512268781662,0.402179479598999,0.8699541687965393
baseline,nominal,27,400054,True,False,False,113,40.03911056975406,,0.1733644604682922,0.4041537642478943,0.8609398007392883
baseline,nominal,28,400055,True,False,False,128,44.18445641043975,,0.1714794486761093,0.4066750407218933,0.8589909672737122
baseline,nominal,29,400056,True,False,False,103,42.70495998949392,,0.1594230085611343,0.4127113223075866,0.8605047464370728
baseline,nominal,30,400057,True,False,False,132,44.369472572920166,,0.1800839155912399,0.4030519127845764,0.8606173992156982
baseline,nominal,31,400058,True,False,False,126,46.59750897688464,,0.1719141155481338,0.4052072465419769,0.8996024131774902
baseline,nominal,32,400059,True,False,False,114,43.23302984172113,,0.1577527970075607,0.4156055748462677,0.8609899282455444
baseline,nominal,33,400060,True,False,False,103,41.512977069778536,,0.1592607200145721,0.4170112311840057,0.8606902360916138
baseline,nominal,34,400061,True,False,False,106,40.89167912768179,,0.159734696149826,0.4160438776016235,0.8603485822677612
baseline,nominal,35,400062,True,False,False,111,39.49451734191816,,0.1597470194101333,0.4152630269527435,0.8605318069458008
baseline,nominal,36,400063,True,False,False,135,46.75547060885108,,0.1598311513662338,0.4272859692573547,0.8599179983139038
baseline,nominal,37,400064,True,False,False,121,43.67477029085408,,0.1614188104867935,0.4275537133216858,0.8606449365615845
baseline,nominal,38,400065,True,False,False,115,40.67873204257158,,0.1582073867321014,0.4166715741157532,0.8599501848220825
baseline,nominal,39,400066,True,False,False,136,45.49363155740043,,0.1706636846065521,0.4061374962329864,0.8591587543487549
baseline,nominal,40,400067,True,False,False,125,45.41380028431081,,0.1497704237699508,0.4318263232707977,0.8654316663742065
baseline,nominal,41,400068,True,False,False,117,40.21423740498519,,0.1757033020257949,0.4012413322925567,0.8713213801383972
baseline,nominal,42,400069,True,False,False,132,46.653336643427195,,0.1816210001707077,0.3973743617534637,0.8751850128173828
baseline,nominal,43,400070,True,False,False,114,39.538701164094185,,0.1602696180343628,0.4189334511756897,0.8600962162017822
baseline,nominal,44,400071,True,False,False,128,45.66212800454709,,0.1527223587036132,0.4275692999362945,0.8607110977172852
baseline,nominal,45,400072,True,False,False,117,37.719376687221704,,0.1713479161262512,0.3981046974658966,0.8692471981048584
baseline,nominal,46,400073,True,False,False,130,43.60903730265599,,0.1780397444963455,0.4034656286239624,0.8596505522727966
baseline,nominal,47,400074,True,False,False,92,38.86680310889556,,0.1692908704280853,0.4030196964740753,0.8594872951507568
baseline,nominal,48,400075,True,False,False,132,44.231471992363296,,0.1789764016866684,0.403225690126419,0.8599271178245544
baseline,nominal,49,400076,True,False,False,122,41.92623512382647,,0.172227144241333,0.4058102071285248,0.8603949546813965
baseline,object_shift,0,400027,True,True,True,125,43.64552988036037,14.0,0.1840515434741974,0.3980048298835754,0.860802412033081
baseline,object_shift,1,400028,False,True,False,260,13.705060894455588,14.0,0.2521141469478607,-0.3733169138431549,0.8640900254249573
baseline,object_shift,2,400029,False,True,False,260,0.5227588739590356,14.0,-0.2588426172733307,-0.0783942714333534,0.3590536415576935
baseline,object_shift,3,400030,False,True,False,260,22.599972176166705,14.0,0.1664018332958221,0.2383720576763153,0.8627434372901917
baseline,object_shift,4,400031,False,True,False,260,10.949652846831794,14.0,-0.0536994561553001,-0.1733636707067489,0.8643112778663635
baseline,object_shift,5,400032,True,True,True,118,39.68738511124875,14.0,0.1618864983320236,0.4058130979537964,0.8604041337966919
baseline,object_shift,6,400033,False,True,False,260,124.13971458627594,14.0,0.1554929167032241,0.414605975151062,0.8649365901947021
baseline,object_shift,7,400034,True,True,True,119,48.73641772672721,14.0,0.1549245566129684,0.4163129925727844,0.8600668907165527
baseline,object_shift,8,400035,True,True,True,133,43.74160567555079,14.0,0.1847752779722213,0.3958353400230407,0.8600403666496277
baseline,object_shift,9,400036,True,True,True,148,48.18742353900868,14.0,0.1650124788284301,0.4050235450267792,0.8600772619247437
baseline,object_shift,10,400037,True,True,True,112,41.28494276779689,14.0,0.1814989000558853,0.3994505703449249,0.8599438667297363
baseline,object_shift,11,400038,True,True,True,115,37.8688248435658,14.0,0.1706129610538482,0.3968667984008789,0.869274914264679
baseline,object_shift,12,400039,True,True,True,127,43.24867552515888,14.0,0.1803706288337707,0.4023422300815582,0.860287606716156
baseline,object_shift,13,400040,True,True,True,118,34.42898970366727,14.0,0.1873272657394409,0.3845656812191009,0.8738539814949036
baseline,object_shift,14,400041,True,True,True,120,37.636032758483275,14.0,0.1698202937841415,0.3951537609100342,0.866976797580719
baseline,object_shift,15,400042,False,True,False,260,10.792069360773764,14.0,-0.0652205049991607,-0.099498875439167,0.8602860569953918
baseline,object_shift,16,400043,True,True,True,108,36.06796091834629,14.0,0.1679982542991638,0.4181050360202789,0.8600547313690186
baseline,object_shift,17,400044,True,True,True,119,41.89061016514803,14.0,0.1597163677215576,0.4158859252929687,0.8599862456321716
baseline,object_shift,18,400045,True,True,True,127,44.0441107037236,14.0,0.1709367930889129,0.4084344506263733,0.8591093420982361
baseline,object_shift,19,400046,True,True,True,134,44.26730132297923,14.0,0.1803693771362304,0.4025830030441284,0.8600148558616638
baseline,object_shift,20,400047,False,True,False,260,13.325815402931536,14.0,-0.0273260250687599,-0.1633182615041732,0.860056459903717
baseline,object_shift,21,400048,True,True,True,109,33.61846957969888,14.0,0.1707264184951782,0.3954848945140838,0.8597443103790283
baseline,object_shift,22,400049,True,True,True,117,35.80284018183963,14.0,0.1814080625772476,0.3974746763706207,0.8594058156013489
baseline,object_shift,23,400050,True,True,True,123,42.43617765613908,14.0,0.1623653173446655,0.4098317623138428,0.8592963814735413
baseline,object_shift,24,400051,True,True,True,118,40.15432207547167,14.0,0.1626309305429458,0.409220814704895,0.8592599630355835
baseline,object_shift,25,400052,True,True,True,156,43.74206164007929,14.0,0.1643930673599243,0.4200762808322906,0.8614180088043213
baseline,object_shift,26,400053,True,True,True,138,46.50379452220514,14.0,0.1625127047300338,0.412442147731781,0.8604103326797485
baseline,object_shift,27,400054,True,True,True,113,35.64257138959455,14.0,0.1648772954940796,0.3934436440467834,0.8676217794418335
baseline,object_shift,28,400055,True,True,True,128,42.67050266798334,14.0,0.1734518408775329,0.4063505232334137,0.8599177598953247
baseline,object_shift,29,400056,False,True,False,260,12.403511364845311,14.0,0.1560776829719543,-0.1709481328725814,0.8429727554321289
baseline,object_shift,30,400057,False,True,False,260,0.0215915818276623,14.0,-0.4445922672748565,-0.4275268316268921,0.3590492308139801
baseline,object_shift,31,400058,True,True,True,127,42.92864028385524,14.0,0.1738605499267578,0.4053061604499817,0.8596749901771545
baseline,object_shift,32,400059,True,True,True,122,42.93151732216979,14.0,0.1631079614162445,0.4131440818309784,0.8601600527763367
baseline,object_shift,33,400060,True,True,True,112,39.83859132501543,14.0,0.1572030782699585,0.4156122803688049,0.8600196242332458
baseline,object_shift,34,400061,True,True,True,117,43.97968007089398,14.0,0.1560547649860382,0.4173805117607116,0.860980749130249
baseline,object_shift,35,400062,True,True,True,92,32.73271457811962,14.0,0.1702778488397598,0.3818643093109131,0.8718031644821167
baseline,object_shift,36,400063,True,True,True,117,41.821354219502,14.0,0.1755724847316742,0.4035773873329162,0.8601974844932556
baseline,object_shift,37,400064,True,True,True,139,41.92645242290136,14.0,0.1647810041904449,0.4179649949073791,0.8603296875953674
baseline,object_shift,38,400065,True,True,True,117,39.56532210827129,14.0,0.1785247325897216,0.3989820480346679,0.8596141338348389
baseline,object_shift,39,400066,True,True,True,137,45.9110463488963,14.0,0.1776895076036453,0.4048535227775574,0.8602558970451355
baseline,object_shift,40,400067,True,True,True,114,37.7955440349656,14.0,0.1695224642753601,0.3968981206417084,0.8699443340301514
baseline,object_shift,41,400068,True,True,True,93,26.521494488306995,14.0,0.187150090932846,0.3513096272945404,0.8612446784973145
baseline,object_shift,42,400069,True,True,True,139,50.61357787537783,14.0,0.2204199880361557,0.4209896922111511,0.8618728518486023
baseline,object_shift,43,400070,True,True,True,112,35.56306382881227,14.0,0.1692520081996917,0.390686959028244,0.8688100576400757
baseline,object_shift,44,400071,True,True,True,130,44.195850112057286,14.0,0.1609840244054794,0.4074330329895019,0.8593332767486572
baseline,object_shift,45,400072,True,True,True,111,34.130404249442435,14.0,0.1754545718431472,0.3948517739772796,0.892248809337616
baseline,object_shift,46,400073,True,True,True,123,44.337030644324926,14.0,0.1539683192968368,0.421508640050888,0.8672870397567749
baseline,object_shift,47,400074,True,True,True,111,32.39854878852906,14.0,0.1799433231353759,0.3879685699939728,0.8725386261940002
baseline,object_shift,48,400075,True,True,True,134,44.2101970733667,14.0,0.1797032952308654,0.4037007987499237,0.8601575493812561
baseline,object_shift,49,400076,False,True,False,260,15.564211488937694,14.0,0.2427838146686554,-0.2850785851478576,0.8405936360359192
baseline,action_noise,0,400027,True,True,True,126,41.72346159987009,8.0,0.1695402562618255,0.3938434720039367,0.8596490025520325
baseline,action_noise,1,400028,True,True,True,134,45.288122346084286,8.0,0.165507972240448,0.4026629626750946,0.8592917323112488
baseline,action_noise,2,400029,True,True,True,86,35.129975282354394,8.0,0.1731616407632827,0.3919416964054107,0.8661108613014221
baseline,action_noise,3,400030,False,True,False,260,12.986506574237184,8.0,0.2330062687397003,-0.3003679811954498,0.8437076807022095
baseline,action_noise,4,400031,True,True,True,102,41.607590131798496,8.0,0.1458845436573028,0.4063172042369842,0.86152583360672
baseline,action_noise,5,400032,True,True,True,189,33.75148127837776,8.0,0.1783071756362915,0.3346142470836639,0.8713582158088684
baseline,action_noise,6,400033,True,True,True,117,37.23304313763101,8.0,0.1943613588809967,0.3685077428817749,0.87310791015625
baseline,action_noise,7,400034,True,True,True,127,57.167891715353306,8.0,0.1566740721464157,0.4854650497436523,0.8801532983779907
baseline,action_noise,8,400035,True,True,True,157,44.93777984450993,8.0,0.1853294521570205,0.3807070851325989,0.8585969805717468
baseline,action_noise,9,400036,False,True,False,260,11.632533926204024,8.0,0.1886976808309555,-0.3314504027366638,0.8398205637931824
baseline,action_noise,10,400037,False,True,False,260,13.36504709691756,8.0,0.1642132103443145,-0.2344627231359481,0.8604267239570618
baseline,action_noise,11,400038,True,True,True,133,49.48940900020099,8.0,0.1508499234914779,0.4168397188186645,0.860061526298523
baseline,action_noise,12,400039,True,True,True,147,58.80386954562049,8.0,0.1782014518976211,0.438688725233078,0.860161542892456
baseline,action_noise,13,400040,True,True,True,124,57.31704570364652,8.0,0.1655972599983215,0.4497182965278625,0.8628823161125183
baseline,action_noise,14,400041,False,True,False,260,11.351093619501365,8.0,0.183177962899208,-0.2520626187324524,0.8447179794311523
baseline,action_noise,15,400042,True,True,True,95,39.96164381379267,8.0,0.1575700938701629,0.3979091942310333,0.8663756847381592
baseline,action_noise,16,400043,True,True,True,102,33.993488791190956,8.0,0.1631594449281692,0.4018087983131408,0.8590554594993591
baseline,action_noise,17,400044,True,True,True,101,36.5096853405191,8.0,0.1392300724983215,0.408312052488327,0.8585435748100281
baseline,action_noise,18,400045,True,True,True,124,44.67726029011023,8.0,0.1467952728271484,0.4197628796100616,0.8654708862304688
baseline,action_noise,19,400046,True,True,True,153,44.19611936718374,8.0,0.1565114855766296,0.4143783748149872,0.8605794906616211
baseline,action_noise,20,400047,True,True,True,105,39.6658069088625,8.0,0.1687169075012207,0.3825329542160034,0.8624133467674255
baseline,action_noise,21,400048,False,True,False,260,10.82153233525626,8.0,0.1650971174240112,0.1812198013067245,0.8436620831489563
baseline,action_noise,22,400049,True,True,True,103,44.05043270171333,8.0,0.1667442321777343,0.4390403628349304,0.8704885840415955
baseline,action_noise,23,400050,False,True,False,260,10.609117897810336,8.0,0.0266337897628545,-0.2779794633388519,0.8413248658180237
baseline,action_noise,24,400051,True,True,True,110,38.28763431571819,8.0,0.1501788645982742,0.4364543259143829,0.86094069480896
baseline,action_noise,25,400052,True,True,True,124,44.11265909584121,8.0,0.1662237644195556,0.416958749294281,0.8617112636566162
baseline,action_noise,26,400053,False,True,False,260,12.427441242364512,8.0,0.1721382588148117,-0.4199634194374084,0.8438957333564758
baseline,action_noise,27,400054,False,True,False,260,8.908265534009534,8.0,0.0601786188781261,-0.2899423837661743,0.8435506224632263
baseline,action_noise,28,400055,True,True,True,125,44.46427540401301,8.0,0.1722178161144256,0.4189313948154449,0.8606576919555664
baseline,action_noise,29,400056,True,True,True,148,37.4701892566384,8.0,0.1818985342979431,0.382205069065094,0.8801206946372986
baseline,action_noise,30,400057,False,True,False,260,9.423821244771254,8.0,0.0009831234347075,-0.4064581990242004,0.8436647057533264
baseline,action_noise,31,400058,True,True,True,121,44.17772383854206,8.0,0.1686471402645111,0.4162008762359619,0.8596409559249878
baseline,action_noise,32,400059,True,True,True,138,57.05079416473416,8.0,0.1648210883140564,0.4454993605613708,0.862395703792572
baseline,action_noise,33,400060,True,True,True,137,59.331154981237525,8.0,0.1728613823652267,0.4279585182666778,0.877869725227356
baseline,action_noise,34,400061,True,True,True,96,35.610296659092626,8.0,0.144676923751831,0.3756466507911682,0.8765549063682556
baseline,action_noise,35,400062,True,True,True,143,55.80308776508513,8.0,0.1781555563211441,0.4844672083854675,0.8687571287155151
baseline,action_noise,36,400063,False,True,False,260,9.675021372473466,8.0,0.061153944581747,-0.3537062406539917,0.8654001355171204
baseline,action_noise,37,400064,True,True,True,110,40.480396557840635,8.0,0.1773341745138168,0.3967598676681518,0.8590247631072998
baseline,action_noise,38,400065,True,True,True,223,79.9225394251872,8.0,0.1441371440887451,0.4829714894294739,0.8669938445091248
baseline,action_noise,39,400066,False,True,False,260,14.126231659275923,8.0,0.1139936000108718,-0.3852871060371399,0.8396888375282288
baseline,action_noise,40,400067,True,True,True,141,58.239890087686895,8.0,0.171906977891922,0.4844199120998382,0.8862043023109436
baseline,action_noise,41,400068,False,True,False,260,14.755889757768616,8.0,0.1304503679275512,-0.3123053610324859,0.8392308950424194
baseline,action_noise,42,400069,True,True,True,156,45.04697323042986,8.0,0.1750554144382476,0.3959830701351166,0.8594395518302917
baseline,action_noise,43,400070,False,True,False,260,15.409784364259965,8.0,0.250273734331131,-0.1056117042899131,0.841573178768158
baseline,action_noise,44,400071,False,True,False,260,9.294168563311436,8.0,0.0031572801526635,-0.3164262473583221,0.843654453754425
baseline,action_noise,45,400072,False,True,False,260,12.44391744979824,8.0,0.2479257583618164,-0.2560420036315918,0.8439854383468628
baseline,action_noise,46,400073,False,True,False,260,9.524606198256713,8.0,0.0245119277387857,-0.3631485998630523,0.8435708284378052
baseline,action_noise,47,400074,True,True,True,82,32.7644205197611,8.0,0.1865443438291549,0.3486408293247223,0.8594413995742798
baseline,action_noise,48,400075,False,True,False,260,7.810878856882773,8.0,-0.010981572791934,-0.3662762343883514,0.8437023162841797
baseline,action_noise,49,400076,False,True,False,260,10.610142622583703,8.0,0.1339091211557388,-0.4237932860851288,0.8414019346237183
baseline,action_delay,0,400027,True,True,True,187,69.2273213854552,3.0,0.1822236031293869,0.47492516040802,0.8837915658950806
baseline,action_delay,1,400028,False,True,False,260,8.636119309396836,5.0,0.1732380092144012,-0.3999662101268768,0.862820565700531
baseline,action_delay,2,400029,True,True,True,126,47.19367009287389,5.0,0.1747443377971649,0.4622208476066589,0.8888847827911377
baseline,action_delay,3,400030,False,True,False,260,12.158564118108202,3.0,0.2158909738063812,-0.2858577966690063,0.8455239534378052
baseline,action_delay,4,400031,True,True,True,110,40.73970456455943,3.0,0.2206407189369201,0.4445556700229645,0.8607149124145508
baseline,action_delay,5,400032,True,True,True,122,35.6460001256287,3.0,0.1947353035211563,0.4228709042072296,0.8419562578201294
baseline,action_delay,6,400033,False,True,False,260,10.933883511913567,5.0,0.0555716305971145,-0.3747428953647613,0.8436812162399292
baseline,action_delay,7,400034,False,True,False,260,7.045760709507639,5.0,-0.0466279573738575,-0.1940362304449081,0.8645724654197693
baseline,action_delay,8,400035,True,True,True,177,64.21844788977418,3.0,0.154739111661911,0.4835032820701599,0.8632381558418274
baseline,action_delay,9,400036,False,True,False,260,11.16256011942023,3.0,0.1823769062757492,-0.3686628937721252,0.8609448075294495
baseline,action_delay,10,400037,False,True,False,260,14.413646059090436,5.0,0.2385481297969818,-0.2788449823856354,0.8447391390800476
baseline,action_delay,11,400038,True,True,True,128,40.738944344122665,3.0,0.2070877701044082,0.418708860874176,0.8694790005683899
baseline,action_delay,12,400039,True,True,True,160,59.486159559372226,3.0,0.1775535941123962,0.4797585010528564,0.8820779919624329
baseline,action_delay,13,400040,True,True,True,140,57.47166479380886,4.0,0.1408455222845077,0.4358843266963959,0.8994473814964294
baseline,action_delay,14,400041,False,True,False,260,12.737868805398008,4.0,0.1419327408075332,-0.3273126482963562,0.8446578979492188
baseline,action_delay,15,400042,True,True,True,145,57.22053752568928,5.0,0.1466256529092788,0.4539344608783722,0.8720454573631287
baseline,action_delay,16,400043,False,True,False,260,8.964298601639412,5.0,0.1466545462608337,-0.1883695572614669,0.8451776504516602
baseline,action_delay,17,400044,False,True,False,260,63.961931006083546,4.0,0.2006815373897552,0.6117439270019531,0.0248356182128191
baseline,action_delay,18,400045,True,True,True,118,33.69488876852034,3.0,0.2192469835281372,0.4276808500289917,0.8832765817642212
baseline,action_delay,19,400046,True,True,True,183,66.3418571420793,3.0,0.1966852396726608,0.4529315829277038,0.8647968173027039
baseline,action_delay,20,400047,False,True,False,260,12.91379226814771,4.0,0.056987464427948,-0.1192765608429908,0.8436452150344849
baseline,action_delay,21,400048,False,True,False,260,13.278180042563903,5.0,0.2461708933115005,-0.2225306630134582,0.8437877297401428
baseline,action_delay,22,400049,False,True,False,260,61.423625752552,5.0,0.104515790939331,0.6616653800010681,0.0402631722390651
baseline,action_delay,23,400050,False,True,False,260,18.001065838668328,4.0,0.2122807800769806,-0.3193200528621673,0.864230751991272
baseline,action_delay,24,400051,True,True,True,118,36.18463574012266,4.0,0.2066863477230072,0.4135333895683288,0.8683215975761414
baseline,action_delay,25,400052,True,True,True,172,41.31346961159131,4.0,0.202882245182991,0.4342256188392639,0.8654873371124268
baseline,action_delay,26,400053,False,True,False,260,11.395158276261949,5.0,0.1495908051729202,-0.4154433906078338,0.8603375554084778
baseline,action_delay,27,400054,False,True,False,260,9.906437248593376,5.0,0.1426866948604583,-0.272507905960083,0.8655127286911011
baseline,action_delay,28,400055,True,True,True,172,62.573293915347065,3.0,0.1793091148138046,0.4812199175357818,0.8649019598960876
baseline,action_delay,29,400056,False,True,False,260,13.245125965125258,5.0,0.0812499299645423,-0.109359435737133,0.8436222076416016
baseline,action_delay,30,400057,False,True,False,260,10.940192987816197,5.0,0.0279675405472517,-0.3886142075061798,0.8556698560714722
baseline,action_delay,31,400058,True,True,True,203,57.30156226661421,4.0,0.1737085878849029,0.4776124358177185,0.8624759316444397
baseline,action_delay,32,400059,True,True,True,109,34.146349291949285,3.0,0.1984056681394577,0.426229327917099,0.8841714262962341
baseline,action_delay,33,400060,True,True,True,172,76.27936380944563,3.0,0.1957831978797912,0.473360002040863,0.8995141386985779
baseline,action_delay,34,400061,True,True,True,185,75.82049568126818,4.0,0.2215244323015213,0.412102609872818,0.8557626605033875
baseline,action_delay,35,400062,False,True,False,260,12.336393420892971,5.0,0.162411943078041,-0.1436753720045089,0.844085156917572
baseline,action_delay,36,400063,False,True,False,260,33.47314213342578,4.0,0.0523243620991706,0.3218851089477539,0.8621726036071777
baseline,action_delay,37,400064,False,True,False,260,16.402414226114953,4.0,0.2068102359771728,-0.2305717915296554,0.8447312712669373
baseline,action_delay,38,400065,False,True,False,260,11.4925072537722,4.0,0.1551122218370437,-0.1555751860141754,0.8580723404884338
baseline,action_delay,39,400066,True,True,True,200,75.14931576533137,3.0,0.1967419683933258,0.4711164832115173,0.885699987411499
baseline,action_delay,40,400067,True,True,True,199,58.34448577424167,5.0,0.1988068372011184,0.4842537939548492,0.8772993683815002
baseline,action_delay,41,400068,False,True,False,260,8.873612406826638,5.0,0.1321410536766052,-0.3268457949161529,0.8605751991271973
baseline,action_delay,42,400069,False,True,False,260,105.96086376589068,3.0,0.2274357378482818,0.4283441603183746,0.9461618661880492
baseline,action_delay,43,400070,False,True,False,260,11.561806388421282,5.0,0.1724184155464172,-0.1416455209255218,0.8439866900444031
baseline,action_delay,44,400071,True,True,True,137,43.86944499596261,4.0,0.2155357152223587,0.45530566573143,0.8644706010818481
baseline,action_delay,45,400072,False,True,False,260,10.571605086709123,5.0,0.2238378226757049,-0.2740803956985473,0.8640420436859131
baseline,action_delay,46,400073,False,True,False,260,11.174127193492335,5.0,0.1098931059241294,-0.4440158605575561,0.8545071482658386
baseline,action_delay,47,400074,True,True,True,160,67.46386573731091,4.0,0.2223270535469055,0.4909113943576813,0.8987371921539307
baseline,action_delay,48,400075,False,True,False,260,8.930311350561963,5.0,0.0714495182037353,-0.4027068316936493,0.8559643030166626
baseline,action_delay,49,400076,False,True,False,260,10.295183103507402,3.0,0.1730107814073562,-0.3406517505645752,0.8629485368728638
baseline,gripper_slip,0,400027,True,True,True,188,50.52344214325949,51.0,0.1794293075799942,0.4031893312931061,0.8605003356933594
baseline,gripper_slip,1,400028,False,True,False,260,18.361604059251132,48.0,0.2476252764463424,-0.3735122680664062,0.8647733330726624
baseline,gripper_slip,2,400029,True,True,True,122,40.572708072514615,32.0,0.1758319735527038,0.3962458074092865,0.8598324656486511
baseline,gripper_slip,3,400030,False,True,False,260,14.19224181589546,43.0,0.2530288100242615,-0.2605317234992981,0.8644223809242249
baseline,gripper_slip,4,400031,True,True,True,147,49.156721203051966,40.0,0.1714095920324325,0.4090260863304138,0.8603030443191528
baseline,gripper_slip,5,400032,False,True,False,260,22.368653949051257,49.0,0.2969036102294922,-0.0618495270609855,0.9245572090148926
baseline,gripper_slip,6,400033,True,True,True,195,69.77838748142332,49.0,0.1743866205215454,0.4287786185741424,0.8596881031990051
baseline,gripper_slip,7,400034,True,True,True,148,50.19863334694736,34.0,0.1603933721780777,0.4176706373691559,0.8613691926002502
baseline,gripper_slip,8,400035,True,True,True,166,49.62062450071371,49.0,0.1843997091054916,0.3978244960308075,0.8602334856987
baseline,gripper_slip,9,400036,False,True,False,260,20.27652041182597,49.0,0.2238748669624328,-0.407572478055954,0.8644420504570007
baseline,gripper_slip,10,400037,False,True,False,260,14.860601408979411,49.0,0.1083478853106498,-0.2596409022808075,0.8629672527313232
baseline,gripper_slip,11,400038,False,True,False,260,17.881094838735066,50.0,0.1542568653821945,-0.2690742909908294,0.8417119979858398
baseline,gripper_slip,12,400039,True,True,True,183,50.129953971125424,49.0,0.1770792156457901,0.4022534787654876,0.8600949048995972
baseline,gripper_slip,13,400040,True,True,True,128,41.12266062975169,32.0,0.1841903626918792,0.38519087433815,0.8747653365135193
baseline,gripper_slip,14,400041,True,True,True,148,47.44877450903904,40.0,0.1556749939918518,0.4139744937419891,0.8604874014854431
baseline,gripper_slip,15,400042,True,True,True,125,41.76963805764399,32.0,0.1777855902910232,0.3958278298377991,0.8592869639396667
baseline,gripper_slip,16,400043,False,True,False,260,16.768365270355442,48.0,0.192711055278778,-0.095715619623661,0.8622586131095886
baseline,gripper_slip,17,400044,True,True,True,148,46.44862680176634,40.0,0.1668515801429748,0.4233668446540832,0.8607791662216187
baseline,gripper_slip,18,400045,False,True,False,260,13.83388516068064,48.0,0.0882177203893661,-0.3515364825725555,0.8600520491600037
baseline,gripper_slip,19,400046,True,True,True,165,48.02195133276834,47.0,0.1855209767818451,0.3939526975154876,0.8597526550292969
baseline,gripper_slip,20,400047,True,True,True,154,50.59318000936017,41.0,0.1611162424087524,0.4174436330795288,0.8657703995704651
baseline,gripper_slip,21,400048,False,True,False,260,16.153750768733573,49.0,0.2536767721176147,-0.1301429122686386,0.8640453219413757
baseline,gripper_slip,22,400049,True,True,True,131,43.109307074673296,39.0,0.1825742572546005,0.3868829905986786,0.8740065097808838
baseline,gripper_slip,23,400050,False,True,False,260,17.739088795234913,49.0,0.1529961973428726,-0.2641786634922027,0.8433637022972107
baseline,gripper_slip,24,400051,True,True,True,152,46.49981961888116,44.0,0.1700152307748794,0.4191542565822601,0.8594794273376465
baseline,gripper_slip,25,400052,False,True,False,260,15.46831120300024,47.0,0.1038261651992797,-0.2280410677194595,0.8535169959068298
baseline,gripper_slip,26,400053,False,True,False,260,15.253639889904042,47.0,0.1364765167236328,-0.4253422915935516,0.8613873720169067
baseline,gripper_slip,27,400054,False,True,False,260,16.20030054567821,40.0,0.2423053383827209,-0.2310137599706649,0.8646013736724854
baseline,gripper_slip,28,400055,False,True,False,260,14.90795298980733,50.0,0.1669609546661377,-0.3557370901107788,0.8642779588699341
baseline,gripper_slip,29,400056,True,True,True,135,44.855354073558395,39.0,0.1822214275598526,0.3852181136608124,0.8760466575622559
baseline,gripper_slip,30,400057,True,True,True,165,47.50569067997948,49.0,0.187666043639183,0.3901457488536834,0.8606769442558289
baseline,gripper_slip,31,400058,False,True,False,260,14.920871966611337,47.0,0.113456554710865,-0.3420850932598114,0.857083261013031
baseline,gripper_slip,32,400059,True,True,True,145,46.21225802124599,45.0,0.1669804751873016,0.4098129570484161,0.8603656888008118
baseline,gripper_slip,33,400060,True,True,True,134,44.09470036275622,40.0,0.1854016482830047,0.3906784951686859,0.8595588207244873
baseline,gripper_slip,34,400061,True,True,True,136,42.135205005097546,41.0,0.1875596046447754,0.3854707777500152,0.8728733062744141
baseline,gripper_slip,35,400062,False,True,False,260,18.089313440353905,47.0,0.0762047991156578,-0.1024840846657753,0.8590070009231567
baseline,gripper_slip,36,400063,False,True,False,260,15.130216758567537,52.0,0.1430923044681549,-0.2749988138675689,0.8450450301170349
baseline,gripper_slip,37,400064,True,True,True,148,43.92909932452906,47.0,0.1882047951221466,0.3935522437095642,0.8602999448776245
baseline,gripper_slip,38,400065,True,True,True,161,47.18786871392583,48.0,0.1821903735399246,0.404353380203247,0.872285008430481
baseline,gripper_slip,39,400066,False,True,False,260,90.05652605525296,53.0,0.1583968997001648,0.411988228559494,0.8613916039466858
baseline,gripper_slip,40,400067,True,True,True,148,43.61775889624057,50.0,0.181522324681282,0.4006111919879913,0.8601906299591064
baseline,gripper_slip,41,400068,False,True,False,260,12.53776953727662,41.0,0.0926005914807319,-0.3014920353889465,0.8539040684700012
baseline,gripper_slip,42,400069,True,True,True,188,60.72251455876706,47.0,0.1391416043043136,0.4716367721557617,0.8916953802108765
baseline,gripper_slip,43,400070,True,True,True,153,43.80138811029337,50.0,0.1936239451169967,0.3969301581382751,0.8645623922348022
baseline,gripper_slip,44,400071,False,True,False,260,16.46069685850451,50.0,0.1472881436347961,-0.2999902069568634,0.8461993336677551
baseline,gripper_slip,45,400072,False,True,False,260,14.439935512129413,45.0,0.1487015485763549,-0.2503071129322052,0.8448200225830078
baseline,gripper_slip,46,400073,False,True,False,260,11.762544326603402,48.0,0.0764995738863945,-0.3196690082550049,0.8600485324859619
baseline,gripper_slip,47,400074,True,True,True,123,39.87488528912924,33.0,0.1817383170127868,0.3836175203323364,0.8726280927658081
baseline,gripper_slip,48,400075,True,True,True,145,34.2371496543636,49.0,0.2043529599905014,0.3434782922267914,0.878221869468689
baseline,gripper_slip,49,400076,False,True,False,260,17.18366695255974,43.0,0.1476790904998779,-0.3756198287010193,0.8433998227119446
more_demos,nominal,0,400027,True,False,False,134,46.19729075680772,,0.1712373495101928,0.4133764505386352,0.8605988025665283
more_demos,nominal,1,400028,True,False,False,128,41.82757655210735,,0.173841193318367,0.4065456986427307,0.8670592904090881
more_demos,nominal,2,400029,True,False,False,84,36.09832632070879,,0.187481090426445,0.3898333311080932,0.8594220280647278
more_demos,nominal,3,400030,True,False,False,141,52.05332393211861,,0.1720045357942581,0.4605778753757477,0.8641438484191895
more_demos,nominal,4,400031,True,False,False,99,39.906000738488736,,0.1863717585802078,0.3967913687229156,0.8602160215377808
more_demos,nominal,5,400032,True,False,False,104,32.70562815211815,,0.1714821755886078,0.3939954936504364,0.866426944732666
more_demos,nominal,6,400033,True,False,False,123,42.71456223957972,,0.1875903457403183,0.4026995301246643,0.8605754971504211
more_demos,nominal,7,400034,True,False,False,94,38.32825910263445,,0.1869994103908538,0.3952370285987854,0.8600778579711914
more_demos,nominal,8,400035,True,False,False,124,43.236663705157184,,0.1873729228973388,0.4023397862911224,0.8605088591575623
more_demos,nominal,9,400036,True,False,False,125,41.6814866201438,,0.171686366200447,0.4087764322757721,0.8677203059196472
more_demos,nominal,10,400037,True,False,False,111,36.859731774807834,,0.1778071522712707,0.3941091299057007,0.8688297867774963
more_demos,nominal,11,400038,True,False,False,113,40.63709220309843,,0.183441087603569,0.4053341448307037,0.860403299331665
more_demos,nominal,12,400039,True,False,False,118,42.817277700133815,,0.1853289455175399,0.4055310785770416,0.8606622815132141
more_demos,nominal,13,400040,True,False,False,90,36.95938368141738,,0.1874554753303527,0.3934898972511291,0.8601657152175903
more_demos,nominal,14,400041,True,False,False,110,38.252432387714755,,0.1767173409461975,0.3998556137084961,0.868802547454834
more_demos,nominal,15,400042,True,False,False,87,36.86398621084516,,0.1862371563911438,0.3921454846858978,0.8598471879959106
more_demos,nominal,16,400043,True,False,False,104,34.80143458229085,,0.1759288012981414,0.3943337202072143,0.8686035871505737
more_demos,nominal,17,400044,True,False,False,93,33.00219159054215,,0.1768168359994888,0.3922263085842132,0.8692046999931335
more_demos,nominal,18,400045,True,False,False,112,40.05927610685588,,0.1760740131139755,0.4035685956478119,0.8691755533218384
more_demos,nominal,19,400046,True,False,False,124,42.535028071997566,,0.1906086057424545,0.3989599049091339,0.8605634570121765
more_demos,nominal,20,400047,True,False,False,102,40.09740812203476,,0.1862293630838394,0.4011543691158294,0.8603575825691223
more_demos,nominal,21,400048,False,False,False,260,18.240599221198696,,0.1752736419439315,0.1949676871299743,0.8601586818695068
more_demos,nominal,22,400049,True,False,False,94,38.27644451284776,,0.1830508261919021,0.3968995213508606,0.860001266002655
more_demos,nominal,23,400050,True,False,False,232,109.21212379455532,,0.1541324406862259,0.4118779897689819,0.8612087368965149
more_demos,nominal,24,400051,False,False,False,260,136.8958435389162,,0.1707065254449844,0.4116650819778442,0.8598858118057251
more_demos,nominal,25,400052,True,False,False,114,40.47200845808784,,0.1784245371818542,0.4073326885700226,0.8610365390777588
more_demos,nominal,26,400053,True,False,False,130,42.32864367135978,,0.1771071553230285,0.4070923626422882,0.8684099912643433
more_demos,nominal,27,400054,True,False,False,110,38.336110719678274,,0.1759663969278335,0.4000570476055145,0.8689317107200623
more_demos,nominal,28,400055,True,False,False,129,45.42607669536353,,0.1857714802026748,0.4041325747966766,0.8605524897575378
more_demos,nominal,29,400056,True,False,False,88,34.74321743732283,,0.1799780130386352,0.3898812532424927,0.8715695142745972
more_demos,nominal,30,400057,True,False,False,129,42.9662407363035,,0.1929127126932144,0.3936366140842438,0.8601552844047546
more_demos,nominal,31,400058,True,False,False,117,42.42964024056791,,0.1892993599176406,0.4015836715698242,0.8610436916351318
more_demos,nominal,32,400059,True,False,False,99,37.13208040001208,,0.1821735203266143,0.3981363475322723,0.8600260019302368
more_demos,nominal,33,400060,True,False,False,90,34.442929195193216,,0.1789496093988418,0.3900445103645324,0.8711482286453247
more_demos,nominal,34,400061,True,False,False,96,36.89161944108883,,0.1820019632577896,0.3999930918216705,0.8601613640785217
more_demos,nominal,35,400062,True,False,False,97,32.70178714065729,,0.1790270656347274,0.3891612887382507,0.8702774047851562
more_demos,nominal,36,400063,True,False,False,134,46.00281594135086,,0.1646146178245544,0.4205617606639862,0.8612887263298035
more_demos,nominal,37,400064,False,False,False,260,131.92399383036573,,0.1691348254680633,0.4126370251178741,0.8624735474586487
more_demos,nominal,38,400065,True,False,False,102,34.474709681776766,,0.1772992759943008,0.3930799663066864,0.8693864345550537
more_demos,nominal,39,400066,True,False,False,132,44.38314857206114,,0.1805546730756759,0.4077350497245788,0.8609119653701782
more_demos,nominal,40,400067,True,False,False,130,48.26600400668645,,0.1508958488702774,0.4368792772293091,0.8661412596702576
more_demos,nominal,41,400068,True,False,False,118,41.63864135610613,,0.1814828366041183,0.4077285826206207,0.8606300950050354
more_demos,nominal,42,400069,True,False,False,123,41.82891933988587,,0.193076342344284,0.3908228576183319,0.8608558177947998
more_demos,nominal,43,400070,True,False,False,103,34.48127033048307,,0.1748038977384567,0.3947785198688507,0.8682807087898254
more_demos,nominal,44,400071,True,False,False,118,42.74518885201424,,0.183096244931221,0.4058590829372406,0.8608388900756836
more_demos,nominal,45,400072,True,False,False,116,37.74228749545813,,0.1721392422914505,0.4026073813438415,0.8668057918548584
more_demos,nominal,46,400073,True,False,False,148,55.279245340182854,,0.1817414164543151,0.4268662333488464,0.8622317910194397
more_demos,nominal,47,400074,True,False,False,82,34.26880799299437,,0.1814903318881988,0.3874213099479675,0.8723489046096802
more_demos,nominal,48,400075,True,False,False,131,44.217567741929635,,0.1848393827676773,0.4074294865131378,0.8608009815216064
more_demos,nominal,49,400076,True,False,False,119,40.25734188628397,,0.1755138039588928,0.4028297066688537,0.8682513236999512
more_demos,object_shift,0,400027,True,True,True,122,42.13698569103772,14.0,0.1928532123565673,0.3923251032829284,0.8788453936576843
more_demos,object_shift,1,400028,True,True,True,160,56.479836770162024,14.0,0.1665984988212585,0.4550774097442627,0.8627942800521851
more_demos,object_shift,2,400029,False,True,False,260,0.5003953978387111,14.0,-0.2588590979576111,-0.078376904129982,0.359049916267395
more_demos,object_shift,3,400030,True,True,True,119,38.14960669647016,14.0,0.1639740765094757,0.4003385305404663,0.8660253286361694
more_demos,object_shift,4,400031,False,True,False,260,10.965898263704071,14.0,-0.0555496327579021,-0.1742089390754699,0.86489337682724
more_demos,object_shift,5,400032,True,True,True,121,40.09313690710116,14.0,0.168552815914154,0.4010140895843506,0.8612017631530762
more_demos,object_shift,6,400033,True,True,True,143,53.37564334965801,14.0,0.1645688414573669,0.4784076511859894,0.8770279884338379
more_demos,object_shift,7,400034,True,True,True,147,38.73330828639886,14.0,0.1798674315214157,0.3949155807495117,0.8729043006896973
more_demos,object_shift,8,400035,True,True,True,130,42.62498163993627,14.0,0.1894846707582473,0.39463871717453,0.8761783242225647
more_demos,object_shift,9,400036,True,True,True,154,53.646155195916855,14.0,0.1767533719539642,0.4589495658874511,0.86370450258255
more_demos,object_shift,10,400037,True,True,True,120,45.10509228141751,14.0,0.1706053018569946,0.4139314889907837,0.8613032698631287
more_demos,object_shift,11,400038,False,True,False,260,125.87978195384984,14.0,0.1627417504787445,0.4002445936203003,0.8634189963340759
more_demos,object_shift,12,400039,True,True,True,126,43.610585447551784,14.0,0.1867905855178833,0.4063522219657898,0.8610767722129822
more_demos,object_shift,13,400040,False,True,False,260,8.91765272441241,14.0,0.104896530508995,-0.1623232811689376,0.860044538974762
more_demos,object_shift,14,400041,False,True,False,260,18.484166929218595,14.0,0.1672845482826233,0.1469521224498748,0.8600469827651978
more_demos,object_shift,15,400042,False,True,False,260,10.781926348596224,14.0,-0.0652338787913322,-0.09999580681324,0.8602734804153442
more_demos,object_shift,16,400043,True,True,True,102,32.50320209196996,14.0,0.1804605722427368,0.3936003446578979,0.8702855706214905
more_demos,object_shift,17,400044,True,True,True,106,35.08410658582095,14.0,0.1771986037492752,0.3939991891384125,0.8690826296806335
more_demos,object_shift,18,400045,True,True,True,121,42.39255555302808,14.0,0.1884231269359588,0.4049140512943268,0.8606557250022888
more_demos,object_shift,19,400046,True,True,True,133,44.472869985230865,14.0,0.1852688193321228,0.406261533498764,0.8605213165283203
more_demos,object_shift,20,400047,False,True,False,260,13.356739192332851,14.0,-0.0301893558353185,-0.1629600971937179,0.860052764415741
more_demos,object_shift,21,400048,True,True,True,107,32.49614007675524,14.0,0.1686340868473053,0.3897338509559631,0.8657229542732239
more_demos,object_shift,22,400049,True,True,True,101,26.85014801071326,14.0,0.1848770380020141,0.375310868024826,0.8919510841369629
more_demos,object_shift,23,400050,True,True,True,113,37.70337940326886,14.0,0.1776361912488937,0.3956916332244873,0.8691059350967407
more_demos,object_shift,24,400051,True,True,True,99,29.39176279395992,14.0,0.1795663386583328,0.3882972300052643,0.8899202346801758
more_demos,object_shift,25,400052,False,True,False,260,77.11743186671006,14.0,0.1883423030376434,0.5269210338592529,0.940049946308136
more_demos,object_shift,26,400053,True,True,True,199,84.31425642120851,14.0,0.1520591378211975,0.4548673331737518,0.8685603141784668
more_demos,object_shift,27,400054,True,True,True,118,38.070307265107,14.0,0.1643923968076706,0.4039456844329834,0.8611138463020325
more_demos,object_shift,28,400055,True,True,True,134,44.91142993112902,14.0,0.1760656982660293,0.410316526889801,0.8602538704872131
more_demos,object_shift,29,400056,False,True,False,260,19.191683340772062,14.0,0.2096263170242309,0.1551786512136459,0.8436707854270935
more_demos,object_shift,30,400057,False,True,False,260,0.0207650544772592,14.0,-0.4445922672748565,-0.4275268316268921,0.3590492308139801
more_demos,object_shift,31,400058,True,True,True,125,42.32108146208586,14.0,0.1789057552814483,0.4093265235424042,0.8606529831886292
more_demos,object_shift,32,400059,True,True,True,129,46.74674112484428,14.0,0.1742445081472396,0.4531071484088897,0.8642211556434631
more_demos,object_shift,33,400060,True,True,True,121,45.86307545181194,14.0,0.1747086346149444,0.4551271498203277,0.8634696006774902
more_demos,object_shift,34,400061,True,True,True,124,46.779441938993166,14.0,0.1733559370040893,0.45242440700531,0.8641583323478699
more_demos,object_shift,35,400062,True,True,True,91,32.166884080439885,14.0,0.1738338619470596,0.382533311843872,0.8692938685417175
more_demos,object_shift,36,400063,True,True,True,113,39.8766913760364,14.0,0.1778800040483474,0.4039768576622009,0.8701873421669006
more_demos,object_shift,37,400064,False,True,False,260,10.977624436559267,14.0,0.0363490767776966,-0.179697185754776,0.8436770439147949
more_demos,object_shift,38,400065,True,True,True,113,37.52070788171758,14.0,0.1824058294296264,0.3971040546894073,0.8694069981575012
more_demos,object_shift,39,400066,True,True,True,132,43.912278574003416,14.0,0.1875347644090652,0.4034761488437652,0.8607202172279358
more_demos,object_shift,40,400067,True,True,True,122,41.29304563788386,14.0,0.1640825569629669,0.4031278192996979,0.8591668605804443
more_demos,object_shift,41,400068,True,True,True,156,44.21887121520247,14.0,0.1789533644914627,0.4051587581634521,0.8667404055595398
more_demos,object_shift,42,400069,True,True,True,119,37.4082104932661,14.0,0.2168215662240982,0.3986534774303436,0.8919923305511475
more_demos,object_shift,43,400070,True,True,True,123,42.29250787424838,14.0,0.1649087071418762,0.4052809476852417,0.8601288199424744
more_demos,object_shift,44,400071,True,True,True,124,42.30572836197073,14.0,0.1762525141239166,0.4117281138896942,0.8606036305427551
more_demos,object_shift,45,400072,True,True,True,120,40.87210933162411,14.0,0.1724683493375778,0.4064866602420807,0.8681201934814453
more_demos,object_shift,46,400073,True,True,True,113,41.47080531395512,14.0,0.1847774535417556,0.4058316349983215,0.8609132170677185
more_demos,object_shift,47,400074,False,True,False,260,8.90545937538399,14.0,0.1064855977892875,-0.100011371076107,0.8600485920906067
more_demos,object_shift,48,400075,True,True,True,134,44.92384533584634,14.0,0.184219554066658,0.4082732200622558,0.8608446717262268
more_demos,object_shift,49,400076,True,True,True,192,75.3326614283991,14.0,0.2027150392532348,0.4861929714679718,0.8772667646408081
more_demos,action_noise,0,400027,True,True,True,132,44.93041907094316,8.0,0.1637234836816787,0.4180828332901001,0.8601982593536377
more_demos,action_noise,1,400028,True,True,True,133,44.26793640565718,8.0,0.1680879592895507,0.3973792195320129,0.8595463037490845
more_demos,action_noise,2,400029,True,True,True,84,34.165447089106266,8.0,0.1877206265926361,0.38681361079216,0.8608756065368652
more_demos,action_noise,3,400030,False,True,False,260,12.544507742000464,8.0,0.1811929047107696,-0.3130306005477905,0.8437749743461609
more_demos,action_noise,4,400031,True,True,True,102,40.72076225449447,8.0,0.1590285897254943,0.3852779269218445,0.8585407733917236
more_demos,action_noise,5,400032,True,True,True,105,34.04878540438356,8.0,0.1776359379291534,0.3914454579353332,0.8600113987922668
more_demos,action_noise,6,400033,False,True,False,260,27.00107416110095,8.0,0.1912405788898468,0.24854077398777,0.8587442636489868
more_demos,action_noise,7,400034,True,True,True,114,49.1482939926144,8.0,0.1932774186134338,0.4435068964958191,0.8609139919281006
more_demos,action_noise,8,400035,True,True,True,169,55.124446424533126,8.0,0.1946463733911514,0.4166178107261657,0.8613352179527283
more_demos,action_noise,9,400036,False,True,False,260,11.749648471925566,8.0,0.184124618768692,-0.3259401321411133,0.8399048447608948
more_demos,action_noise,10,400037,False,True,False,260,10.283774979030069,8.0,0.0733384937047958,-0.2251588106155395,0.8434764742851257
more_demos,action_noise,11,400038,True,True,True,128,46.33401288450445,8.0,0.1488536596298217,0.3995664715766907,0.8603515625
more_demos,action_noise,12,400039,True,True,True,140,54.73486682383535,8.0,0.1819038391113281,0.4349744021892547,0.8616014122962952
more_demos,action_noise,13,400040,True,True,True,108,48.236513572931074,8.0,0.1908169388771057,0.4252139627933502,0.8789693713188171
more_demos,action_noise,14,400041,False,True,False,260,10.442635779035143,8.0,0.0925466194748878,-0.2359486073255539,0.846829891204834
more_demos,action_noise,15,400042,True,True,True,96,40.51334055945926,8.0,0.1566337347030639,0.4020566940307617,0.8602982759475708
more_demos,action_noise,16,400043,True,True,True,104,35.10148762400197,8.0,0.1660710871219635,0.3939737379550934,0.8596707582473755
more_demos,action_noise,17,400044,True,True,True,150,65.9926778089949,8.0,0.144587442278862,0.419137567281723,0.8600560426712036
more_demos,action_noise,18,400045,True,True,True,134,50.120240153905826,8.0,0.1644743978977203,0.4545823931694031,0.8719438910484314
more_demos,action_noise,19,400046,True,True,True,117,37.151019437807214,8.0,0.2011072933673858,0.3458156585693359,0.8892982006072998
more_demos,action_noise,20,400047,True,True,True,140,62.57417625289632,8.0,0.1895374655723571,0.4337854087352752,0.8659473657608032
more_demos,action_noise,21,400048,False,True,False,260,13.510686507794436,8.0,0.1370152980089187,-0.205153688788414,0.8379142880439758
more_demos,action_noise,22,400049,True,True,True,103,43.280828970998705,8.0,0.171942725777626,0.4264354407787323,0.8633435964584351
more_demos,action_noise,23,400050,False,True,False,260,11.457702368211953,8.0,0.0399611294269561,-0.2831474244594574,0.8437511324882507
more_demos,action_noise,24,400051,True,True,True,153,66.13754894235387,8.0,0.1608159095048904,0.4110939502716064,0.8583279848098755
more_demos,action_noise,25,400052,True,True,True,195,54.19105684124899,8.0,0.1648841202259063,0.4269465208053589,0.8672084212303162
more_demos,action_noise,26,400053,False,True,False,260,11.963315269879196,8.0,0.1672244369983673,-0.3848347067832947,0.8437967300415039
more_demos,action_noise,27,400054,False,True,False,260,10.026030373891244,8.0,0.0826952308416366,-0.2918409705162048,0.8610386252403259
more_demos,action_noise,28,400055,True,True,True,127,45.58001742291024,8.0,0.1861022561788559,0.382671445608139,0.859919548034668
more_demos,action_noise,29,400056,True,True,True,134,29.47159406276319,8.0,0.188404768705368,0.3724958896636963,0.8901406526565552
more_demos,action_noise,30,400057,False,True,False,260,13.567035343800004,8.0,0.0187640786170959,-0.4291110634803772,0.8455389142036438
more_demos,action_noise,31,400058,True,True,True,119,42.24419188438412,8.0,0.1844888031482696,0.4082398116588592,0.881910502910614
more_demos,action_noise,32,400059,True,True,True,117,44.92571679747904,8.0,0.1581038236618042,0.4118825793266296,0.8629623651504517
more_demos,action_noise,33,400060,True,True,True,92,34.32058063382047,8.0,0.1875581443309784,0.3778136968612671,0.8777697086334229
more_demos,action_noise,34,400061,False,True,False,260,24.911698082016223,8.0,0.1783623844385147,0.2413340955972671,0.8600611686706543
more_demos,action_noise,35,400062,True,True,True,159,29.776501365678808,8.0,0.1749341040849685,0.3538365066051483,0.8791089653968811
more_demos,action_noise,36,400063,False,True,False,260,10.740504393472827,8.0,0.0902367383241653,-0.326305091381073,0.8427559733390808
more_demos,action_noise,37,400064,True,True,True,109,39.604422839185304,8.0,0.1831492930650711,0.381803423166275,0.8719342350959778
more_demos,action_noise,38,400065,True,True,True,169,49.34315489603135,8.0,0.1493096351623535,0.417395681142807,0.8666292428970337
more_demos,action_noise,39,400066,False,True,False,260,15.019719692624,8.0,0.1963809430599212,-0.3367465436458587,0.8437979817390442
more_demos,action_noise,40,400067,True,True,True,143,59.31882275538106,8.0,0.161354586482048,0.4908124506473541,0.8755878210067749
more_demos,action_noise,41,400068,True,True,True,139,51.671487186964335,8.0,0.1461832672357559,0.4394186437129974,0.864252507686615
more_demos,action_noise,42,400069,True,True,True,151,42.44607462664829,8.0,0.1960278153419494,0.3847415745258331,0.8616024851799011
more_demos,action_noise,43,400070,True,True,True,118,28.024447014178936,8.0,0.1803738325834274,0.3770048320293426,0.8918907642364502
more_demos,action_noise,44,400071,True,True,True,181,41.1256181174416,8.0,0.1379486918449401,0.3935792744159698,0.8716636300086975
more_demos,action_noise,45,400072,False,True,False,260,13.462854197516052,8.0,0.2477318197488784,-0.2359536439180374,0.8437893390655518
more_demos,action_noise,46,400073,True,True,True,129,42.86605866899319,8.0,0.1863125413656234,0.3859857618808746,0.8686886429786682
more_demos,action_noise,47,400074,False,True,False,260,15.24115671420957,8.0,0.2465506345033645,0.1498286575078964,0.843089759349823
more_demos,action_noise,48,400075,True,True,True,132,41.7259303865915,8.0,0.1767161637544632,0.3834838271141052,0.8593147397041321
more_demos,action_noise,49,400076,False,True,False,260,12.78163986068036,8.0,0.2093587964773178,-0.3414005935192108,0.8397500514984131
more_demos,action_delay,0,400027,True,True,True,169,59.23740911773694,3.0,0.1938913166522979,0.4757227301597595,0.8825716972351074
more_demos,action_delay,1,400028,False,True,False,260,9.089858892991584,5.0,0.1336099058389663,-0.3801737129688263,0.8658486008644104
more_demos,action_delay,2,400029,True,True,True,123,45.531333684482355,5.0,0.1522820591926574,0.4771628677845001,0.8630862832069397
more_demos,action_delay,3,400030,False,True,False,260,9.482366480906554,3.0,0.1493154168128967,-0.2840014100074768,0.8436726927757263
more_demos,action_delay,4,400031,True,True,True,110,39.462009169014166,3.0,0.2018104642629623,0.4648298025131225,0.862525463104248
more_demos,action_delay,5,400032,True,True,True,115,32.27032910890978,3.0,0.1931661367416381,0.4295547306537628,0.8931235074996948
more_demos,action_delay,6,400033,False,True,False,260,9.477237911152471,5.0,0.0437479764223098,-0.3632983565330505,0.8436840176582336
more_demos,action_delay,7,400034,False,True,False,260,10.214588987981356,5.0,0.0386904776096344,-0.1657893508672714,0.8436822295188904
more_demos,action_delay,8,400035,True,True,True,178,64.5152280516214,3.0,0.2039948403835296,0.479801595211029,0.8878704309463501
more_demos,action_delay,9,400036,False,True,False,260,11.505796472576447,3.0,0.2077952921390533,-0.3234695792198181,0.8402111530303955
more_demos,action_delay,10,400037,False,True,False,260,14.178914592191818,5.0,0.1521494090557098,-0.2247645407915115,0.8648694753646851
more_demos,action_delay,11,400038,True,True,True,127,41.12785630584658,3.0,0.2087817639112472,0.429539293050766,0.866795003414154
more_demos,action_delay,12,400039,True,True,True,154,56.7521577744119,3.0,0.2037084549665451,0.4640682339668274,0.8855417370796204
more_demos,action_delay,13,400040,True,True,True,147,61.54609040529352,4.0,0.1958183795213699,0.473420649766922,0.8623031973838806
more_demos,action_delay,14,400041,False,True,False,260,58.98403421805035,4.0,0.2241054028272628,0.637908935546875,0.0247371308505535
more_demos,action_delay,15,400042,True,True,True,122,43.55126336311582,5.0,0.1561916321516037,0.4386890530586242,0.8983449339866638
more_demos,action_delay,16,400043,False,True,False,260,11.067946159530305,5.0,0.1800139099359512,-0.2256751060485839,0.843725323677063
more_demos,action_delay,17,400044,True,True,True,206,67.7552417538067,4.0,0.2040020078420639,0.4701790511608124,0.8820415139198303
more_demos,action_delay,18,400045,True,True,True,199,43.747582643593816,3.0,0.228017657995224,0.419183075428009,0.8701754808425903
more_demos,action_delay,19,400046,False,True,False,260,73.62203548848657,3.0,0.2226246148347854,0.6294071674346924,0.0248460192233324
more_demos,action_delay,20,400047,True,True,True,155,63.35506469467459,4.0,0.1918258965015411,0.4821465313434601,0.8976541757583618
more_demos,action_delay,21,400048,False,True,False,260,9.33224891897918,5.0,0.2491523176431656,-0.2354060560464859,0.8559436798095703
more_demos,action_delay,22,400049,True,True,True,129,47.065104594522225,5.0,0.1368286609649658,0.4693866372108459,0.8964803814888
more_demos,action_delay,23,400050,True,True,True,202,60.91739322969216,4.0,0.1507722586393356,0.4837812781333923,0.8655374646186829
more_demos,action_delay,24,400051,False,True,False,260,56.705015606079,4.0,0.1957182735204696,0.6713735461235046,0.0247858110815286
more_demos,action_delay,25,400052,False,True,False,260,4.614276326669866,4.0,0.054049052298069,-0.3095070719718933,0.8436964154243469
more_demos,action_delay,26,400053,False,True,False,260,22.258614927187036,5.0,0.2433862686157226,-0.145494133234024,0.8437675833702087
more_demos,action_delay,27,400054,False,True,False,260,13.008419476818132,5.0,0.1450351774692535,-0.3224734365940094,0.8451523184776306
more_demos,action_delay,28,400055,True,True,True,172,62.1799776612653,3.0,0.179918110370636,0.4861316978931427,0.8636211156845093
more_demos,action_delay,29,400056,False,True,False,260,13.351764343092134,5.0,0.0518401712179183,-0.116874448955059,0.8646738529205322
more_demos,action_delay,30,400057,False,True,False,260,28.50299731815644,5.0,0.0223194118589162,-0.3935940861701965,0.8498116731643677
more_demos,action_delay,31,400058,False,True,False,260,16.592586452577756,4.0,0.0656912848353385,-0.3953806459903717,0.847150981426239
more_demos,action_delay,32,400059,True,True,True,111,36.56955119528176,3.0,0.2014188319444656,0.4510267674922943,0.8595051169395447
more_demos,action_delay,33,400060,True,True,True,152,64.63887601094126,3.0,0.194468155503273,0.4763482213020324,0.8621253967285156
more_demos,action_delay,34,400061,False,True,False,260,65.35822231162956,4.0,0.1752611547708511,0.6643983125686646,0.0402603112161159
more_demos,action_delay,35,400062,False,True,False,260,10.728531908259813,5.0,0.1724905967712402,-0.135135531425476,0.8447626829147339
more_demos,action_delay,36,400063,True,True,True,140,43.12022067271736,4.0,0.2036203891038894,0.4421842396259308,0.8619492650032043
more_demos,action_delay,37,400064,False,True,False,260,40.040830383130896,4.0,0.2165793478488922,0.1822298318147659,0.8421927690505981
more_demos,action_delay,38,400065,True,True,True,161,34.858470693194434,4.0,0.2059173136949539,0.4270444214344024,0.895907461643219
more_demos,action_delay,39,400066,True,True,True,171,59.81552115958747,3.0,0.1926626712083816,0.4770467877388,0.8826323747634888
more_demos,action_delay,40,400067,True,True,True,194,56.29067376871115,5.0,0.2067724466323852,0.463266372680664,0.8635063171386719
more_demos,action_delay,41,400068,False,True,False,260,9.559941884254812,5.0,0.1328978985548019,-0.3277686238288879,0.8600453734397888
more_demos,action_delay,42,400069,True,True,True,220,88.92593506437812,3.0,0.1815356016159057,0.4329734742641449,0.8477490544319153
more_demos,action_delay,43,400070,True,True,True,201,55.14780442358979,5.0,0.1511623859405517,0.4766571223735809,0.8988816142082214
more_demos,action_delay,44,400071,True,True,True,126,38.05373936400087,4.0,0.206720158457756,0.4331302940845489,0.8911029100418091
more_demos,action_delay,45,400072,False,True,False,260,21.11391696731092,5.0,0.2489570528268814,-0.2926858067512512,0.8644384145736694
more_demos,action_delay,46,400073,False,True,False,260,9.174308489515427,5.0,0.1423690915107727,-0.4447441101074219,0.8436652421951294
more_demos,action_delay,47,400074,True,True,True,135,54.85842729239731,4.0,0.178514152765274,0.4841317236423492,0.8970171213150024
more_demos,action_delay,48,400075,False,True,False,260,8.573907906905093,5.0,0.0368973016738891,-0.4111899137496948,0.860053539276123
more_demos,action_delay,49,400076,True,True,True,195,58.67833474314472,3.0,0.1957160830497741,0.4752156436443329,0.8662716746330261
more_demos,gripper_slip,0,400027,True,True,True,187,50.71584678843307,52.0,0.1803077161312103,0.4087859392166137,0.8615490198135376
more_demos,gripper_slip,1,400028,False,True,False,260,18.196211799683287,46.0,0.2510549426078796,-0.3879132568836212,0.8620864152908325
more_demos,gripper_slip,2,400029,False,True,False,260,18.539023059723537,25.0,0.0704237297177314,-0.0836653187870979,0.8379495739936829
more_demos,gripper_slip,3,400030,False,True,False,260,16.26559165168165,50.0,0.2498499006032943,-0.2621183693408966,0.864237904548645
more_demos,gripper_slip,4,400031,True,True,True,134,44.074804525282985,32.0,0.1924659162759781,0.392126977443695,0.8599371314048767
more_demos,gripper_slip,5,400032,False,True,False,260,14.16807209968919,44.0,0.237284630537033,-0.1804472059011459,0.8631253242492676
more_demos,gripper_slip,6,400033,True,True,True,211,78.29512880351572,43.0,0.1708872020244598,0.4916078746318817,0.8822656273841858
more_demos,gripper_slip,7,400034,True,True,True,128,40.63232576374484,29.0,0.1895099878311157,0.3881596624851227,0.8757103085517883
more_demos,gripper_slip,8,400035,True,True,True,157,45.67367855591691,44.0,0.1924914717674255,0.3872364163398742,0.8761823773384094
more_demos,gripper_slip,9,400036,False,True,False,260,20.321669410306622,45.0,0.22367724776268,-0.3837329745292663,0.8611021637916565
more_demos,gripper_slip,10,400037,False,True,False,260,11.5378860654784,41.0,0.1097911074757576,-0.2577552497386932,0.860048770904541
more_demos,gripper_slip,11,400038,True,True,True,159,54.74618663356499,38.0,0.1711574643850326,0.4567292034626007,0.8631311058998108
more_demos,gripper_slip,12,400039,False,True,False,260,28.73374173291456,42.0,0.2271443605422973,0.1751707643270492,0.8438296318054199
more_demos,gripper_slip,13,400040,False,True,False,260,23.072509813384237,28.0,0.1885522454977035,0.1863849461078643,0.8424872159957886
more_demos,gripper_slip,14,400041,True,True,True,140,42.854572726924765,39.0,0.169656902551651,0.4046736359596252,0.8671694993972778
more_demos,gripper_slip,15,400042,True,True,True,114,36.3869107680066,26.0,0.1888390034437179,0.3735617399215698,0.8764312267303467
more_demos,gripper_slip,16,400043,False,True,False,260,15.194104339038097,41.0,0.1924678981304168,-0.0990504696965217,0.8630162477493286
more_demos,gripper_slip,17,400044,False,True,False,260,16.828245469485747,36.0,0.1894559264183044,0.1102823615074157,0.8438088893890381
more_demos,gripper_slip,18,400045,False,True,False,260,98.16906617335349,38.0,0.1477459371089935,0.4624067842960357,0.9522281289100648
more_demos,gripper_slip,19,400046,True,True,True,158,45.45893980337795,44.0,0.1904886662960052,0.3869580924510956,0.8752287030220032
more_demos,gripper_slip,20,400047,True,True,True,133,43.06053837186405,34.0,0.1904504597187042,0.3952792286872864,0.8606997132301331
more_demos,gripper_slip,21,400048,False,True,False,260,14.151790538494884,43.0,0.2527990043163299,-0.1299777925014495,0.8644696474075317
more_demos,gripper_slip,22,400049,False,True,False,260,13.716749265899264,31.0,0.1000666990876197,-0.1324759572744369,0.86005699634552
more_demos,gripper_slip,23,400050,False,True,False,260,22.6439455753318,51.0,0.177931860089302,-0.2424092441797256,0.8418906331062317
more_demos,gripper_slip,24,400051,False,True,False,260,24.829839194988654,44.0,0.1945643126964569,0.2460387796163559,0.8605591654777527
more_demos,gripper_slip,25,400052,False,True,False,260,13.315615184571564,39.0,0.1053457409143447,-0.230492502450943,0.8549241423606873
more_demos,gripper_slip,26,400053,False,True,False,260,14.788851995361188,47.0,0.1694201529026031,-0.4228323400020599,0.8540257811546326
more_demos,gripper_slip,27,400054,False,True,False,260,16.824532237247023,39.0,0.2417880296707153,-0.2281365245580673,0.8639442920684814
more_demos,gripper_slip,28,400055,True,True,True,161,49.62978382297643,50.0,0.1792309433221817,0.4103933274745941,0.8607463836669922
more_demos,gripper_slip,29,400056,False,True,False,260,12.051319578276123,29.0,0.0624733865261077,-0.159078374505043,0.8600523471832275
more_demos,gripper_slip,30,400057,True,True,True,162,47.59801586530892,46.0,0.1860414445400238,0.3921143710613251,0.8850081562995911
more_demos,gripper_slip,31,400058,True,True,True,134,33.11609866768812,42.0,0.1911649405956268,0.4018900990486145,0.8985704779624939
more_demos,gripper_slip,32,400059,True,True,True,140,45.42976038909806,35.0,0.175906553864479,0.4110572636127472,0.8602490425109863
more_demos,gripper_slip,33,400060,False,True,False,260,12.318424122060811,31.0,0.1087838858366012,-0.1431794166564941,0.8600606322288513
more_demos,gripper_slip,34,400061,False,True,False,260,12.92781542333248,33.0,0.1079373508691787,-0.1885945945978164,0.8600528240203857
more_demos,gripper_slip,35,400062,False,True,False,260,17.11317326803557,38.0,0.0754870846867561,-0.1010169386863708,0.8579195737838745
more_demos,gripper_slip,36,400063,False,True,False,260,19.14602335344443,52.0,0.1437872648239135,-0.2912407517433166,0.8436754941940308
more_demos,gripper_slip,37,400064,False,True,False,260,15.824311782119604,49.0,0.1121176928281784,-0.1886232644319534,0.8600438237190247
more_demos,gripper_slip,38,400065,False,True,False,260,13.0568867666829,40.0,0.1590635925531387,-0.1805515438318252,0.8421401977539062
more_demos,gripper_slip,39,400066,True,True,True,184,49.3469809623535,49.0,0.1822551786899566,0.4060165286064148,0.861749529838562
more_demos,gripper_slip,40,400067,True,True,True,151,45.5749782907831,54.0,0.1761956661939621,0.3987344801425934,0.86704021692276
more_demos,gripper_slip,41,400068,False,True,False,260,8.194127513370352,41.0,-0.0176765639334917,-0.323435515165329,0.8436451554298401
more_demos,gripper_slip,42,400069,True,True,True,188,63.984173754157,44.0,0.1908770352602005,0.4520915448665619,0.8707104921340942
more_demos,gripper_slip,43,400070,False,True,False,260,14.845131201310258,41.0,0.2345804870128631,-0.16829314827919,0.8632316589355469
more_demos,gripper_slip,44,400071,False,True,False,260,18.097840230245374,42.0,0.1487648338079452,-0.2980799376964569,0.8436825275421143
more_demos,gripper_slip,45,400072,False,True,False,260,16.917733968642935,44.0,0.1661919802427292,-0.262260764837265,0.8472785949707031
more_demos,gripper_slip,46,400073,False,True,False,260,15.461255559869295,51.0,0.1028261259198188,-0.3014121651649475,0.8436728119850159
more_demos,gripper_slip,47,400074,False,True,False,260,12.25780205013168,25.0,0.0731631517410278,-0.0944933593273162,0.860055685043335
more_demos,gripper_slip,48,400075,True,True,True,160,46.46149091755392,48.0,0.1876142770051956,0.3909812569618225,0.8743323087692261
more_demos,gripper_slip,49,400076,False,True,False,260,17.682831949435663,41.0,0.2383134067058563,-0.3723028004169464,0.8645285964012146
recovery_data,nominal,0,400027,True,False,False,152,58.132071542298256,,0.1598604768514633,0.4846924245357513,0.8639663457870483
recovery_data,nominal,1,400028,True,False,False,135,45.52100566569817,,0.1580486744642257,0.4166629612445831,0.8613811731338501
recovery_data,nominal,2,400029,True,False,False,87,37.14361224758074,,0.1854582726955413,0.3879020810127258,0.8594094514846802
recovery_data,nominal,3,400030,True,False,False,128,44.23238024680971,,0.150940328836441,0.4198879599571228,0.8670960664749146
recovery_data,nominal,4,400031,True,False,False,106,43.41745812051158,,0.1606768667697906,0.4175869524478912,0.8653517961502075
recovery_data,nominal,5,400032,True,False,False,102,32.530721919924495,,0.1702795624732971,0.3928436636924743,0.8670682311058044
recovery_data,nominal,6,400033,True,False,False,131,46.60089927893343,,0.1630377620458603,0.4205173850059509,0.8630076050758362
recovery_data,nominal,7,400034,True,False,False,102,41.74535317826203,,0.1665761619806289,0.4125154614448547,0.860453724861145
recovery_data,nominal,8,400035,True,False,False,130,45.97323560682894,,0.1692407429218292,0.4181792140007019,0.8608265519142151
recovery_data,nominal,9,400036,True,False,False,145,52.84236011246387,,0.1704425513744354,0.4628900587558746,0.8996626734733582
recovery_data,nominal,10,400037,True,False,False,166,56.991737235629145,,0.1855063438415527,0.4827121794223785,0.8992629051208496
recovery_data,nominal,11,400038,True,False,False,160,65.14830510553841,,0.2109216600656509,0.4752221405506134,0.8992990851402283
recovery_data,nominal,12,400039,True,False,False,150,59.13372619531406,,0.1552698165178299,0.4528391659259796,0.8593823313713074
recovery_data,nominal,13,400040,True,False,False,97,40.561729604396625,,0.1675226986408233,0.4106615781784057,0.8602175116539001
recovery_data,nominal,14,400041,True,False,False,138,54.28152776786872,,0.1642874479293823,0.4792980551719665,0.8635820746421814
recovery_data,nominal,15,400042,True,False,False,93,39.79799924361035,,0.1702427566051483,0.4059814810752868,0.8598763346672058
recovery_data,nominal,16,400043,True,False,False,104,35.17346325897723,,0.1723988950252533,0.3967463970184326,0.8705697655677795
recovery_data,nominal,17,400044,True,False,False,104,25.132865683739773,,0.1758614778518676,0.3870508968830108,0.8942779898643494
recovery_data,nominal,18,400045,False,False,False,260,81.21591798733304,,0.1260173767805099,0.6333044767379761,0.0246699899435043
recovery_data,nominal,19,400046,True,False,False,132,46.181691008932965,,0.172121062874794,0.4158083498477936,0.8605104684829712
recovery_data,nominal,20,400047,True,False,False,136,58.33830418257609,,0.1626557409763336,0.4837408065795898,0.863798201084137
recovery_data,nominal,21,400048,True,False,False,108,34.9636216491134,,0.1683117747306823,0.3971246182918548,0.8672369718551636
recovery_data,nominal,22,400049,True,False,False,114,48.830133824615785,,0.1731374561786651,0.4575581848621368,0.8912709355354309
recovery_data,nominal,23,400050,False,False,False,260,63.70974064510986,,0.4613349437713623,0.7266817092895508,0.0247309599071741
recovery_data,nominal,24,400051,True,False,False,125,37.43846934347391,,0.1640699654817581,0.4180895090103149,0.8601825833320618
recovery_data,nominal,25,400052,True,False,False,168,54.30914706769947,,0.1712319701910019,0.4729484915733337,0.8629611134529114
recovery_data,nominal,26,400053,True,False,False,139,47.495995968029035,,0.1581268608570099,0.4213971793651581,0.8642651438713074
recovery_data,nominal,27,400054,False,False,False,260,71.69227043421253,,0.4698554575443268,0.577298641204834,0.0246897935867309
recovery_data,nominal,28,400055,True,False,False,153,60.45014103638717,,0.1547109931707382,0.4499003887176513,0.8575828671455383
recovery_data,nominal,29,400056,True,False,False,113,47.97368224076611,,0.1832418739795684,0.4480233192443847,0.8973400592803955
recovery_data,nominal,30,400057,True,False,False,137,46.625387553909135,,0.1737944781780243,0.4124924540519714,0.8600424528121948
recovery_data,nominal,31,400058,True,False,False,123,45.37687166174267,,0.1703992336988449,0.4179907441139221,0.8602872490882874
recovery_data,nominal,32,400059,True,False,False,95,34.71804900717188,,0.1775728315114975,0.3894008100032806,0.8702616691589355
recovery_data,nominal,33,400060,True,False,False,116,46.843210177738555,,0.1749829053878784,0.4504276812076568,0.8927114605903625
recovery_data,nominal,34,400061,True,False,False,121,48.82153779731849,,0.1775003373622894,0.4518869519233703,0.8777358531951904
recovery_data,nominal,35,400062,True,False,False,95,32.28081538997175,,0.1761815696954727,0.3889795541763305,0.8693139553070068
recovery_data,nominal,36,400063,True,False,False,136,48.63791437734487,,0.1581211388111114,0.4290730953216553,0.8603107333183289
recovery_data,nominal,37,400064,False,False,False,260,62.82687987888554,,0.220823124051094,0.6966917514801025,0.024839786812663
recovery_data,nominal,38,400065,True,False,False,112,39.72208766667907,,0.1645008325576782,0.4049676954746246,0.8610509037971497
recovery_data,nominal,39,400066,True,False,False,136,46.99524886875703,,0.1612116247415542,0.4183392226696014,0.8625943064689636
recovery_data,nominal,40,400067,True,False,False,102,36.20738515758135,,0.1760191470384597,0.3936791718006134,0.8696411848068237
recovery_data,nominal,41,400068,True,False,False,117,40.64250863901303,,0.1770124286413192,0.4000740349292755,0.8699782490730286
recovery_data,nominal,42,400069,True,False,False,133,46.61514104149463,,0.1779637187719345,0.4095355570316314,0.8612411618232727
recovery_data,nominal,43,400070,True,False,False,141,44.546807217783446,,0.1750222295522689,0.4427396357059479,0.8723093867301941
recovery_data,nominal,44,400071,True,False,False,126,46.50476445242662,,0.1571987718343734,0.4224808812141418,0.867849588394165
recovery_data,nominal,45,400072,True,False,False,124,41.208388725743944,,0.1591775119304657,0.4057255387306213,0.8601065278053284
recovery_data,nominal,46,400073,True,False,False,135,47.06872413483377,,0.1638747155666351,0.4164063036441803,0.8614159226417542
recovery_data,nominal,47,400074,True,False,False,86,36.24561308272602,,0.1845223307609558,0.389415979385376,0.8591426014900208
recovery_data,nominal,48,400075,True,False,False,138,47.3556160360806,,0.1687159985303878,0.4157804250717163,0.8604486584663391
recovery_data,nominal,49,400076,True,False,False,123,42.298083333419335,,0.1751593202352523,0.4048338532447815,0.8609182238578796
recovery_data,object_shift,0,400027,True,True,True,134,45.98413765189286,14.0,0.1758586913347244,0.412316083908081,0.8612582683563232
recovery_data,object_shift,1,400028,True,True,True,159,55.929506058548085,14.0,0.1721779108047485,0.4586703479290008,0.8757563233375549
recovery_data,object_shift,2,400029,False,True,False,260,0.5293466721242785,14.0,-0.2588500082492828,-0.0783929973840713,0.3590526282787323
recovery_data,object_shift,3,400030,True,True,True,122,39.00445843658265,14.0,0.1534441709518432,0.3943689167499542,0.8738526105880737
recovery_data,object_shift,4,400031,False,True,False,260,8.905323634574321,14.0,-0.0434946119785308,-0.1755048334598541,0.8600562810897827
recovery_data,object_shift,5,400032,True,True,True,122,39.72134756649196,14.0,0.167568489909172,0.4003705382347107,0.8594264984130859
recovery_data,object_shift,6,400033,True,True,True,129,45.47817911000189,14.0,0.1570060402154922,0.4156430065631866,0.8610116839408875
recovery_data,object_shift,7,400034,True,True,True,207,71.40440742673914,14.0,0.155418187379837,0.49261274933815,0.866426944732666
recovery_data,object_shift,8,400035,True,True,True,138,47.20754275235178,14.0,0.174219861626625,0.4141417145729065,0.8608414530754089
recovery_data,object_shift,9,400036,True,True,True,140,46.20257109736739,14.0,0.1630639135837555,0.4091845154762268,0.8600521087646484
recovery_data,object_shift,10,400037,True,True,True,163,57.64384129878316,14.0,0.1556086093187332,0.4644359648227691,0.8609004020690918
recovery_data,object_shift,11,400038,True,True,True,126,44.376137540054565,14.0,0.1460767388343811,0.4252111315727234,0.8638862371444702
recovery_data,object_shift,12,400039,True,True,True,173,69.32069207733795,14.0,0.1734955757856369,0.4874621033668518,0.8862094879150391
recovery_data,object_shift,13,400040,False,True,False,260,10.049568055173788,14.0,0.1048983633518219,-0.1622310727834701,0.8600518703460693
recovery_data,object_shift,14,400041,True,True,True,127,41.4203824479043,14.0,0.154146134853363,0.4053963720798492,0.8598549962043762
recovery_data,object_shift,15,400042,False,True,False,260,9.415007278096116,14.0,-0.0591395311057567,-0.092106856405735,0.8600589036941528
recovery_data,object_shift,16,400043,True,True,True,132,36.50239866267717,14.0,0.1582462191581726,0.4182023406028747,0.8614940047264099
recovery_data,object_shift,17,400044,True,True,True,163,55.01582598974024,14.0,0.1629858464002609,0.4724583327770233,0.8853786587715149
recovery_data,object_shift,18,400045,True,True,True,155,59.408349655423024,14.0,0.155435100197792,0.4749054908752441,0.8615992665290833
recovery_data,object_shift,19,400046,True,True,True,141,47.439674583754446,14.0,0.1697981059551239,0.4144876301288605,0.8598003387451172
recovery_data,object_shift,20,400047,False,True,False,260,20.140851270560752,14.0,0.2071762382984161,0.2168852388858795,0.860059380531311
recovery_data,object_shift,21,400048,False,True,False,260,8.708456060927858,14.0,0.2402367293834686,-0.120118074119091,0.862717866897583
recovery_data,object_shift,22,400049,True,True,True,104,32.98253555672413,14.0,0.1736254245042801,0.3896027505397796,0.8705354332923889
recovery_data,object_shift,23,400050,True,True,True,112,38.07792791833642,14.0,0.1742975115776062,0.3978395462036133,0.8683423399925232
recovery_data,object_shift,24,400051,True,True,True,149,47.3536270263332,14.0,0.1683430522680282,0.463126927614212,0.9000551700592041
recovery_data,object_shift,25,400052,False,True,False,260,7.847519048980267,14.0,-0.041051659733057,-0.2206110507249832,0.8437017798423767
recovery_data,object_shift,26,400053,True,True,True,146,51.0177370669826,14.0,0.1616096943616867,0.4252459704875946,0.8600618839263916
recovery_data,object_shift,27,400054,True,True,True,114,35.916189776048185,14.0,0.1618174910545349,0.3962441682815552,0.8649075627326965
recovery_data,object_shift,28,400055,True,True,True,124,40.668346665778195,14.0,0.1730248630046844,0.4049137532711029,0.8670384287834167
recovery_data,object_shift,29,400056,True,True,True,96,28.453106592520857,14.0,0.1785010993480682,0.3874516785144806,0.9001635313034058
recovery_data,object_shift,30,400057,False,True,False,260,0.0203209787124516,14.0,-0.4445922672748565,-0.4275268316268921,0.3590492308139801
recovery_data,object_shift,31,400058,True,True,True,121,40.00795095399801,14.0,0.1753908693790435,0.3996711075305938,0.8685519099235535
recovery_data,object_shift,32,400059,True,True,True,148,47.027000673860414,14.0,0.1767100691795349,0.4597513377666473,0.8900675177574158
recovery_data,object_shift,33,400060,True,True,True,93,27.59648938430488,14.0,0.1732518970966339,0.3875350952148437,0.8989758491516113
recovery_data,object_shift,34,400061,True,True,True,116,39.52149287815858,14.0,0.1748285740613937,0.3981035053730011,0.8598888516426086
recovery_data,object_shift,35,400062,True,True,True,114,36.65724248357079,14.0,0.1614121347665786,0.4085802435874939,0.862082839012146
recovery_data,object_shift,36,400063,True,True,True,129,47.38861120465699,14.0,0.1550207585096359,0.4244420528411865,0.8603277206420898
recovery_data,object_shift,37,400064,True,True,True,153,57.81908350915996,14.0,0.1779821962118148,0.4877583086490631,0.864209771156311
recovery_data,object_shift,38,400065,True,True,True,168,67.69876387257803,14.0,0.2219175696372985,0.4853333830833435,0.873045027256012
recovery_data,object_shift,39,400066,True,True,True,139,47.9162227020833,14.0,0.1671898663043975,0.4178310334682464,0.8613062500953674
recovery_data,object_shift,40,400067,True,True,True,121,41.59163366156867,14.0,0.1526867598295211,0.4160273969173431,0.8643125891685486
recovery_data,object_shift,41,400068,True,True,True,155,56.66810106544907,14.0,0.1893411725759506,0.4745331108570099,0.8698159456253052
recovery_data,object_shift,42,400069,True,True,True,140,49.13433894737733,14.0,0.1856491565704345,0.4222646653652191,0.8952808380126953
recovery_data,object_shift,43,400070,True,True,True,117,39.127993342527304,14.0,0.1563803702592849,0.4068802893161773,0.8606654405593872
recovery_data,object_shift,44,400071,True,True,True,133,46.27586187156782,14.0,0.1584393829107284,0.4174559414386749,0.861334502696991
recovery_data,object_shift,45,400072,True,True,True,131,47.02434156403417,14.0,0.1540693491697311,0.4324782490730285,0.8611405491828918
recovery_data,object_shift,46,400073,True,True,True,137,54.09316011145573,14.0,0.1725371778011322,0.4421672821044922,0.8626287579536438
recovery_data,object_shift,47,400074,False,True,False,260,13.322462404250729,14.0,0.1855599284172058,0.0948863923549652,0.8600534200668335
recovery_data,object_shift,48,400075,True,True,True,141,48.39466377967587,14.0,0.1646764129400253,0.4160130321979522,0.8612242341041565
recovery_data,object_shift,49,400076,True,True,True,159,56.1271846201731,14.0,0.1821148693561554,0.4554612040519714,0.8993790745735168
recovery_data,action_noise,0,400027,True,True,True,174,56.63566942014499,8.0,0.1531474888324737,0.4521049559116363,0.862423300743103
recovery_data,action_noise,1,400028,True,True,True,139,47.25707055653444,8.0,0.1685453057289123,0.4106831848621368,0.8593743443489075
recovery_data,action_noise,2,400029,True,True,True,84,34.18029620904163,8.0,0.1782737821340561,0.3952680826187134,0.8605713844299316
recovery_data,action_noise,3,400030,False,True,False,260,15.689991707346604,8.0,0.1675661504268646,-0.2600414156913757,1.0053609609603882
recovery_data,action_noise,4,400031,True,True,True,102,41.71712959346174,8.0,0.1548089683055877,0.403679609298706,0.8614712357521057
recovery_data,action_noise,5,400032,True,True,True,116,40.691932205454094,8.0,0.1806906908750534,0.4465211629867553,0.868240237236023
recovery_data,action_noise,6,400033,True,True,True,137,47.48727645371526,8.0,0.1616776585578918,0.4109081029891968,0.8674342036247253
recovery_data,action_noise,7,400034,True,True,True,136,61.906329827408435,8.0,0.1784632354974746,0.4838138222694397,0.8620994687080383
recovery_data,action_noise,8,400035,True,True,True,161,49.25399418069627,8.0,0.1647456139326095,0.4054252505302429,0.874406099319458
recovery_data,action_noise,9,400036,False,True,False,260,35.94219151563843,8.0,0.1843842417001724,0.2859303057193756,1.00519061088562
recovery_data,action_noise,10,400037,True,True,True,187,66.7383944562264,8.0,0.1955918818712234,0.481235533952713,0.8634510040283203
recovery_data,action_noise,11,400038,True,True,True,166,70.25861352838085,8.0,0.169774517416954,0.489792913198471,0.8588489294052124
recovery_data,action_noise,12,400039,True,True,True,137,53.240650103682285,8.0,0.1764876097440719,0.464394599199295,0.8722789883613586
recovery_data,action_noise,13,400040,True,True,True,147,41.31262506845742,8.0,0.1756513714790344,0.4102457761764526,0.8604333996772766
recovery_data,action_noise,14,400041,True,True,True,149,48.918758045508184,8.0,0.1690139770507812,0.4532895088195801,0.8602219820022583
recovery_data,action_noise,15,400042,True,True,True,98,40.54108228992586,8.0,0.1644320636987686,0.3999903500080108,0.8598631024360657
recovery_data,action_noise,16,400043,True,True,True,108,36.27001370565133,8.0,0.1707213222980499,0.3725597560405731,0.8590059280395508
recovery_data,action_noise,17,400044,True,True,True,107,39.9269818033528,8.0,0.1538919359445572,0.3961729407310486,0.8601627349853516
recovery_data,action_noise,18,400045,True,True,True,133,50.49368135225866,8.0,0.1394723206758499,0.4095556735992431,0.8656863570213318
recovery_data,action_noise,19,400046,False,True,False,260,84.3214458296959,8.0,0.0871847793459892,0.6212766170501709,0.0247615166008472
recovery_data,action_noise,20,400047,True,True,True,143,62.1956282280252,8.0,0.171474203467369,0.4272652566432953,0.8626406788825989
recovery_data,action_noise,21,400048,True,True,True,154,48.00890192833868,8.0,0.1772418320178985,0.4392284154891968,0.8776729702949524
recovery_data,action_noise,22,400049,True,True,True,233,56.060268320162656,8.0,0.1730612516403198,0.4259240329265594,0.8619519472122192
recovery_data,action_noise,23,400050,True,True,True,132,38.25066426178329,8.0,0.1814312040805816,0.3829236626625061,0.8761081695556641
recovery_data,action_noise,24,400051,False,True,False,260,14.865889818122575,8.0,0.1838265657424926,0.1544578522443771,0.8437477350234985
recovery_data,action_noise,25,400052,True,True,True,197,54.162674840199045,8.0,0.1453726440668106,0.4308078587055206,0.8666424751281738
recovery_data,action_noise,26,400053,False,True,False,260,66.90879361115523,8.0,0.12370066344738,0.5957120060920715,0.6780405044555664
recovery_data,action_noise,27,400054,True,True,True,183,41.982656589058145,8.0,0.1730953156948089,0.3859831988811493,0.8601150512695312
recovery_data,action_noise,28,400055,True,True,True,189,79.70535848086057,8.0,0.1940178126096725,0.4773266613483429,0.8989143371582031
recovery_data,action_noise,29,400056,True,True,True,132,43.82566955818371,8.0,0.1705724149942398,0.4472444951534271,0.8743342161178589
recovery_data,action_noise,30,400057,True,True,True,157,45.45494014421152,8.0,0.1748072504997253,0.4092865288257599,0.8597522377967834
recovery_data,action_noise,31,400058,True,True,True,138,54.07701255600459,8.0,0.1713709533214569,0.4227259159088135,0.8671718239784241
recovery_data,action_noise,32,400059,True,True,True,128,51.18533188739466,8.0,0.1739734858274459,0.4518968760967254,0.8627925515174866
recovery_data,action_noise,33,400060,True,True,True,142,61.10059914341608,8.0,0.154146522283554,0.4865511655807495,0.8650158643722534
recovery_data,action_noise,34,400061,True,True,True,124,37.84027394643481,8.0,0.1658414751291275,0.3997463285923004,0.8584688305854797
recovery_data,action_noise,35,400062,True,True,True,191,39.28445847313757,8.0,0.1643442660570144,0.3990264236927032,0.8732284903526306
recovery_data,action_noise,36,400063,True,True,True,206,67.19025051635404,8.0,0.1583318412303924,0.4837090969085693,0.8583724498748779
recovery_data,action_noise,37,400064,True,True,True,155,42.862397719696354,8.0,0.1636353582143783,0.3998798429965973,0.8600552082061768
recovery_data,action_noise,38,400065,True,True,True,111,38.94538972205159,8.0,0.1793204098939895,0.3952644765377044,0.8596079349517822
recovery_data,action_noise,39,400066,False,True,False,260,11.957532968623104,8.0,0.1686979681253433,-0.0648755878210067,0.8436751365661621
recovery_data,action_noise,40,400067,True,True,True,122,48.26494739808369,8.0,0.1736305803060531,0.4533275961875915,0.8929457068443298
recovery_data,action_noise,41,400068,True,True,True,192,51.619974034200155,8.0,0.1769055426120758,0.4410891532897949,0.8631916642189026
recovery_data,action_noise,42,400069,False,True,False,260,67.52425678567012,8.0,0.3474724590778351,0.7126819491386414,0.0248199552297592
recovery_data,action_noise,43,400070,True,True,True,184,67.65061584288344,8.0,0.1539270579814911,0.4711282849311828,0.8639140129089355
recovery_data,action_noise,44,400071,True,True,True,208,77.06002538922492,8.0,0.1957750171422958,0.4676947295665741,0.8738224506378174
recovery_data,action_noise,45,400072,True,True,True,152,48.14680086781216,8.0,0.2092061787843704,0.4658070802688598,0.8926925659179688
recovery_data,action_noise,46,400073,True,True,True,133,44.34704084235118,8.0,0.1757000088691711,0.3940662741661072,0.8597492575645447
recovery_data,action_noise,47,400074,True,True,True,81,32.384420401448,8.0,0.1947536617517471,0.3466998934745788,0.8710977435112
recovery_data,action_noise,48,400075,True,True,True,168,52.9164165335414,8.0,0.1492785364389419,0.4110107421875,0.8615580201148987
recovery_data,action_noise,49,400076,True,True,True,158,52.01046127244361,8.0,0.1896939426660537,0.4382767975330353,0.8628061413764954
recovery_data,action_delay,0,400027,False,True,False,260,10.893238538814089,3.0,0.1152014806866645,-0.4334533810615539,0.8437055349349976
recovery_data,action_delay,1,400028,False,True,False,260,7.363126719378347,5.0,0.1641488671302795,-0.4424739181995392,0.8433775901794434
recovery_data,action_delay,2,400029,False,True,False,260,60.681788179141854,5.0,0.1240912675857544,0.6849917769432068,0.0247155427932739
recovery_data,action_delay,3,400030,True,True,True,209,61.23709967545898,3.0,0.1922003775835037,0.4715116024017334,0.8647145628929138
recovery_data,action_delay,4,400031,True,True,True,147,57.843317396737234,3.0,0.2262763530015945,0.4425479471683502,0.8964663743972778
recovery_data,action_delay,5,400032,True,True,True,143,50.77810589246259,3.0,0.212012693285942,0.4894575774669647,0.8946184515953064
recovery_data,action_delay,6,400033,True,True,True,145,36.85440331743018,5.0,0.1484588980674743,0.361107587814331,0.8604337573051453
recovery_data,action_delay,7,400034,True,True,True,200,61.98299214994401,5.0,0.2349639534950256,0.4488048851490021,0.8708526492118835
recovery_data,action_delay,8,400035,False,True,False,260,11.558064940103623,3.0,0.0388398244976997,-0.4349354803562164,0.8438286781311035
recovery_data,action_delay,9,400036,False,True,False,260,29.53315055642612,3.0,0.242476537823677,0.2146784514188766,0.8437219858169556
recovery_data,action_delay,10,400037,False,True,False,260,76.33590110349286,5.0,0.2048726975917816,0.4997686147689819,0.980744242668152
recovery_data,action_delay,11,400038,True,True,True,160,59.89190109158147,3.0,0.1945055723190307,0.4853960275650024,0.8665196299552917
recovery_data,action_delay,12,400039,False,True,False,260,63.60396821242815,3.0,0.2068430930376052,0.5357727408409119,0.9400452971458436
recovery_data,action_delay,13,400040,True,True,True,242,66.6891860868742,4.0,0.2127981334924698,0.4842353165149688,0.8930802345275879
recovery_data,action_delay,14,400041,False,True,False,260,20.51557321926819,4.0,0.2364998757839203,-0.1610113382339477,0.8436716794967651
recovery_data,action_delay,15,400042,True,True,True,121,46.79421767204949,5.0,0.1455184519290924,0.4676772356033325,0.8920056223869324
recovery_data,action_delay,16,400043,True,True,True,213,56.60408775400578,5.0,0.1994348615407943,0.450641930103302,0.8947766423225403
recovery_data,action_delay,17,400044,True,True,True,145,54.14099080150097,4.0,0.2268916219472885,0.4387507736682892,0.8602744340896606
recovery_data,action_delay,18,400045,True,True,True,167,64.55373583443843,3.0,0.2114113420248031,0.4827772080898285,0.8936049342155457
recovery_data,action_delay,19,400046,False,True,False,260,8.678890081513458,3.0,0.0311019942164421,-0.435300350189209,0.8436397314071655
recovery_data,action_delay,20,400047,False,True,False,260,10.226013912162758,4.0,0.1095237657427787,-0.2539780437946319,0.8435981869697571
recovery_data,action_delay,21,400048,False,True,False,260,38.79112072140713,5.0,0.2129381000995636,0.319536417722702,1.0465919971466064
recovery_data,action_delay,22,400049,True,True,True,175,53.3166545997967,5.0,0.2282142490148544,0.434647649526596,0.8901768326759338
recovery_data,action_delay,23,400050,True,True,True,250,64.34665027449115,4.0,0.1979308128356933,0.4830589294433594,0.8950717449188232
recovery_data,action_delay,24,400051,True,True,True,149,54.68499618754713,4.0,0.2056511044502258,0.4625945389270782,0.8633682727813721
recovery_data,action_delay,25,400052,True,True,True,199,50.20844339599086,4.0,0.1515461653470993,0.472636342048645,0.8898536562919617
recovery_data,action_delay,26,400053,True,True,True,235,43.59961227774445,5.0,0.1527233570814132,0.430379569530487,0.8967151045799255
recovery_data,action_delay,27,400054,False,True,False,260,20.026033818800897,5.0,0.2439474314451217,-0.2661566436290741,1.0690600872039795
recovery_data,action_delay,28,400055,False,True,False,260,11.232937686318463,3.0,0.0643343105912208,-0.4149357974529266,0.8437700271606445
recovery_data,action_delay,29,400056,False,True,False,260,11.587889073057209,5.0,0.078011468052864,-0.1956255286931991,0.8368421196937561
recovery_data,action_delay,30,400057,False,True,False,260,9.376248264504108,5.0,-0.0435885600745677,-0.4498203098773956,0.8501816987991333
recovery_data,action_delay,31,400058,True,True,True,154,48.768705781031834,4.0,0.1531835198402404,0.4715314507484436,0.8620832562446594
recovery_data,action_delay,32,400059,True,True,True,152,56.45499469068299,3.0,0.1947025805711746,0.469925194978714,0.8788496851921082
recovery_data,action_delay,33,400060,True,True,True,138,55.95062492539034,3.0,0.1799740642309188,0.4898386895656585,0.8622704744338989
recovery_data,action_delay,34,400061,True,True,True,135,46.81867182341913,4.0,0.1754869371652603,0.4821808040142059,0.8989906907081604
recovery_data,action_delay,35,400062,True,True,True,202,53.38265605100147,5.0,0.258239209651947,0.4032393097877502,0.8613728880882263
recovery_data,action_delay,36,400063,True,True,True,194,71.47738132840256,4.0,0.189836636185646,0.4677589535713196,0.8762998580932617
recovery_data,action_delay,37,400064,False,True,False,260,11.116778000896884,4.0,0.0957105234265327,-0.3635296523571014,0.8436780571937561
recovery_data,action_delay,38,400065,True,True,True,152,51.2928329378189,4.0,0.2253311574459076,0.4856247901916504,0.8598828911781311
recovery_data,action_delay,39,400066,True,True,True,214,49.58341756012664,3.0,0.2300956398248672,0.4200484454631805,0.8563042283058167
recovery_data,action_delay,40,400067,True,True,True,216,62.939416732439355,5.0,0.1723960936069488,0.4510842561721802,0.8939346671104431
recovery_data,action_delay,41,400068,False,True,False,260,54.77983273105341,5.0,0.2226033359766006,0.4736659228801727,0.9757553339004515
recovery_data,action_delay,42,400069,False,True,False,260,25.691594999872336,3.0,-0.030253117904067,-0.4043937921524048,0.8432408571243286
recovery_data,action_delay,43,400070,True,True,True,150,48.10820486794534,5.0,0.1800647974014282,0.4877088963985443,0.857406735420227
recovery_data,action_delay,44,400071,True,True,True,180,67.65898710332478,4.0,0.2042886018753051,0.4649526178836822,0.8636113405227661
recovery_data,action_delay,45,400072,True,True,True,224,38.72019935156093,5.0,0.2337830364704132,0.4066007733345032,0.8561310172080994
recovery_data,action_delay,46,400073,False,True,False,260,8.481958294751564,5.0,0.1167270690202713,-0.4598242938518524,0.8410691022872925
recovery_data,action_delay,47,400074,True,True,True,121,49.35016453032856,4.0,0.2058827728033065,0.4863481521606445,0.8792877197265625
recovery_data,action_delay,48,400075,False,True,False,260,45.2858609690321,5.0,0.1862372457981109,0.0374634861946105,0.9820138812065125
recovery_data,action_delay,49,400076,True,True,True,210,59.826377763874426,3.0,0.1748976111412048,0.4644086956977844,0.8643327355384827
recovery_data,gripper_slip,0,400027,True,True,True,168,52.58038907514139,51.0,0.1770477443933487,0.4140960872173309,0.8607370853424072
recovery_data,gripper_slip,1,400028,True,True,True,159,30.656347429895177,50.0,0.2003961354494094,0.3877111077308655,0.861663818359375
recovery_data,gripper_slip,2,400029,True,True,True,145,42.191000436321914,28.0,0.1815031170845031,0.4059385061264038,0.8593956828117371
recovery_data,gripper_slip,3,400030,True,True,True,178,46.09571048260439,48.0,0.189098060131073,0.4045493602752685,0.8725140690803528
recovery_data,gripper_slip,4,400031,True,True,True,139,47.75918445519498,38.0,0.1722668707370758,0.4120129644870758,0.8606780767440796
recovery_data,gripper_slip,5,400032,True,True,True,163,42.24628040819639,43.0,0.1815494000911712,0.4035960137844085,0.8601365089416504
recovery_data,gripper_slip,6,400033,True,True,True,221,71.42234524270775,50.0,0.1618746966123581,0.4762991070747375,0.8963798880577087
recovery_data,gripper_slip,7,400034,True,True,True,189,76.73332210107965,36.0,0.1908272057771682,0.4825552701950073,0.8670396208763123
recovery_data,gripper_slip,8,400035,True,True,True,167,53.61925963923295,49.0,0.1725980341434478,0.4147565066814422,0.8608144521713257
recovery_data,gripper_slip,9,400036,False,True,False,260,11.992761891322498,50.0,0.2383400350809097,-0.4069775342941284,0.8600489497184753
recovery_data,gripper_slip,10,400037,True,True,True,215,69.86455132395214,69.0,0.1717898398637771,0.4860787391662597,0.8642247915267944
recovery_data,gripper_slip,11,400038,True,True,True,193,59.33609225691411,47.0,0.1657190322875976,0.465767502784729,0.8627059459686279
recovery_data,gripper_slip,12,400039,False,True,False,260,69.38664700720572,49.0,0.3285402357578277,0.6503404378890991,0.0247541144490242
recovery_data,gripper_slip,13,400040,True,True,True,105,27.828294297338044,33.0,0.1834889203310012,0.3569249808788299,0.8610660433769226
recovery_data,gripper_slip,14,400041,True,True,True,177,50.08952212184595,46.0,0.1871919482946396,0.4119287431240082,0.8596826195716858
recovery_data,gripper_slip,15,400042,False,True,False,260,20.225099325263994,31.0,0.1706750839948654,0.0809052214026451,0.8436874151229858
recovery_data,gripper_slip,16,400043,True,True,True,120,31.22113946940222,41.0,0.1720214337110519,0.3811955153942108,0.8920047879219055
recovery_data,gripper_slip,17,400044,True,True,True,178,55.185664863950386,56.0,0.1627921015024185,0.484474629163742,0.8606160879135132
recovery_data,gripper_slip,18,400045,True,True,True,224,75.04034595431862,67.0,0.1812589466571808,0.4848925173282623,0.8804510831832886
recovery_data,gripper_slip,19,400046,True,True,True,169,53.0928851693648,50.0,0.1740563213825225,0.4113433361053467,0.8607176542282104
recovery_data,gripper_slip,20,400047,True,True,True,147,49.2340922779574,42.0,0.1678141355514526,0.4170271456241607,0.8607167601585388
recovery_data,gripper_slip,21,400048,False,True,False,260,11.47358422886811,43.0,0.2405690997838974,-0.1379620432853698,0.8623400926589966
recovery_data,gripper_slip,22,400049,False,True,False,260,17.661978857162502,38.0,0.109554186463356,-0.1336143761873245,0.8600499033927917
recovery_data,gripper_slip,23,400050,True,True,True,181,50.940226799145194,48.0,0.1542612910270691,0.4254982471466064,0.8679918050765991
recovery_data,gripper_slip,24,400051,True,True,True,183,55.71022010538331,63.0,0.1489686071872711,0.4787881374359131,0.8625779151916504
recovery_data,gripper_slip,25,400052,True,True,True,186,56.983312932409554,38.0,0.1382525861263275,0.4703130424022674,0.8988451957702637
recovery_data,gripper_slip,26,400053,True,True,True,181,60.26925334786251,53.0,0.1847445964813232,0.4574792981147766,0.8831495642662048
recovery_data,gripper_slip,27,400054,True,True,True,139,38.73127481253735,38.0,0.1644856482744217,0.3978677690029144,0.8694565296173096
recovery_data,gripper_slip,28,400055,True,True,True,206,47.41744263701951,50.0,0.1709161400794983,0.3992669880390167,0.8723801374435425
recovery_data,gripper_slip,29,400056,True,True,True,168,65.24346203609446,41.0,0.1821853667497635,0.4838252067565918,0.8932748436927795
recovery_data,gripper_slip,30,400057,True,True,True,168,50.89669834736296,53.0,0.1836861073970794,0.4015535712242126,0.8615233898162842
recovery_data,gripper_slip,31,400058,True,True,True,227,68.35046840870368,46.0,0.1554213166236877,0.450879156589508,0.8582711815834045
recovery_data,gripper_slip,32,400059,True,True,True,136,44.02890659851776,34.0,0.1612711548805236,0.4108904600143432,0.8609850406646729
recovery_data,gripper_slip,33,400060,True,True,True,155,54.54576492253271,45.0,0.166652962565422,0.4587165415287018,0.8927890062332153
recovery_data,gripper_slip,34,400061,True,True,True,174,64.88285839218938,45.0,0.158280000090599,0.4649651050567627,0.883510410785675
recovery_data,gripper_slip,35,400062,True,True,True,148,41.81623705694395,37.0,0.1601111739873886,0.412701815366745,0.8620384335517883
recovery_data,gripper_slip,36,400063,False,True,False,260,27.20165133226888,50.0,0.1788393706083297,0.1426318138837814,0.8600552678108215
recovery_data,gripper_slip,37,400064,True,True,True,152,49.42253967376492,45.0,0.1619306355714798,0.4215144217014313,0.8678297996520996
recovery_data,gripper_slip,38,400065,True,True,True,183,66.46307426039111,47.0,0.1498124003410339,0.4711364507675171,0.8662753701210022
recovery_data,gripper_slip,39,400066,True,True,True,164,49.87141195470732,51.0,0.1852288544178009,0.4043865203857422,0.8601849675178528
recovery_data,gripper_slip,40,400067,True,True,True,133,41.165827462369776,37.0,0.1716834008693695,0.3992199301719665,0.869853138923645
recovery_data,gripper_slip,41,400068,True,True,True,191,63.423301143009674,41.0,0.1622699648141861,0.4614989757537842,0.8615500926971436
recovery_data,gripper_slip,42,400069,True,True,True,172,53.37932556542293,52.0,0.1734611839056015,0.4132879972457886,0.8762050867080688
recovery_data,gripper_slip,43,400070,True,True,True,168,45.30104393391008,68.0,0.1650743633508682,0.4116469025611877,0.8613712191581726
recovery_data,gripper_slip,44,400071,True,True,True,150,47.06829336711867,48.0,0.1738544851541519,0.4002289474010467,0.8680324554443359
recovery_data,gripper_slip,45,400072,True,True,True,159,49.09501037461274,48.0,0.1721875667572021,0.4177016317844391,0.8648636341094971
recovery_data,gripper_slip,46,400073,True,True,True,238,80.79684035110284,51.0,0.1990216076374054,0.4598554074764251,0.8868713974952698
recovery_data,gripper_slip,47,400074,True,True,True,125,42.34364120469785,28.0,0.1647794842720031,0.4105438888072967,0.8606934547424316
recovery_data,gripper_slip,48,400075,True,True,True,172,53.60268696654181,53.0,0.1666799932718277,0.416236400604248,0.860508918762207
recovery_data,gripper_slip,49,400076,False,True,False,260,11.221336057661846,44.0,0.2318679392337799,-0.3782632946968078,0.860047459602356
