logging_scheme,logging_seed,method,pehe,mae,ate,true_ate,ate_error,helpful_auroc,helpful_average_precision,harmful_auroc,sign_accuracy
randomized,101,paired_label_oracle,0.48751502971763566,0.3701745196734908,0.39269558088356676,0.4100197758734344,0.017324194989867647,0.7906100092574411,0.7453194576460487,0.8758745274941002,0.4935158501440922
randomized,101,failure_risk,0.61401532758599,0.4491887404483632,0.18911234848370104,0.4100197758734344,0.22090742738973337,0.7060324150699918,0.6168101952451978,0.8936156882400852,0.586687306501548
randomized,101,ensemble_uncertainty,0.6910911913853315,0.491390839394484,0.015100857434201038,0.4100197758734344,0.3949189184392334,0.703255182764328,0.6428695952710742,0.7711922811853894,0.7692307692307693
randomized,101,s_learner,0.5390515908976111,0.4242720822352442,0.43365952475690184,0.4100197758734344,0.023639748883467426,0.7087973742530929,0.5927952220450007,0.8201971472129983,0.5626598465473146
randomized,101,t_learner,0.5397974070980522,0.4133645643970647,0.45634448281246814,0.4100197758734344,0.04632470693903373,0.7266214548208826,0.6377995101102971,0.9133930622559154,0.5319634703196348
randomized,101,ipw_learner,0.8343465279289515,0.6381667467790682,0.4591956462713552,0.4100197758734344,0.04917587039792076,0.5603749964933935,0.48773316514424686,0.5916504813817012,0.38461538461538464
randomized,101,dr_learner,0.6333081022489752,0.46138905180801115,0.4126955250974305,0.4100197758734344,0.0026757492239961045,0.7004867169747805,0.6100115554340811,0.8466261512436564,0.43736878936319107
randomized,101,reversibility_proxy,0.5507174165534857,0.3995969198845528,0.5901237215426853,0.4100197758734344,0.18010394566925092,0.7384299520296238,0.6362157120040508,0.8889480608984399,0.455026455026455
randomized,211,paired_label_oracle,0.48751502971763566,0.3701745196734908,0.39269558088356676,0.4100197758734344,0.017324194989867647,0.7906100092574411,0.7453194576460487,0.8758745274941002,0.4935158501440922
randomized,211,failure_risk,0.61401532758599,0.4491887404483632,0.18911234848370104,0.4100197758734344,0.22090742738973337,0.7060324150699918,0.6168101952451978,0.8936156882400852,0.586687306501548
randomized,211,ensemble_uncertainty,0.6910911913853315,0.491390839394484,0.015100857434201038,0.4100197758734344,0.3949189184392334,0.703255182764328,0.6428695952710742,0.7711922811853894,0.7692307692307693
randomized,211,s_learner,0.5783161201023309,0.44795625776189996,0.290371297490915,0.4100197758734344,0.11964847838251941,0.6798801441916571,0.5827765913126517,0.7385815425098678,0.5452793834296724
randomized,211,t_learner,0.5171403445377362,0.41256034180728246,0.32148674562642193,0.4100197758734344,0.08853303024701248,0.7474542037198081,0.6643295343888188,0.9234174968151536,0.5454545454545454
randomized,211,ipw_learner,0.8679800723486403,0.6804160360092187,0.21983656103752833,0.4100197758734344,0.19018321483590608,0.5743505764860998,0.49093526393789216,0.7228035001984002,0.3509127789046653
randomized,211,dr_learner,0.6540353147999833,0.4911360178086305,0.2660751040354518,0.4100197758734344,0.1439446718379826,0.6756406569977839,0.6017721131279771,0.7632353862539941,0.4083694083694084
randomized,211,reversibility_proxy,0.5509418559027282,0.4104229650296266,0.5340019851903344,0.4100197758734344,0.12398220931689996,0.7236688921928914,0.632923478622742,0.8507090199026794,0.4663951120162933
randomized,307,paired_label_oracle,0.48751502971763566,0.3701745196734908,0.39269558088356676,0.4100197758734344,0.017324194989867647,0.7906100092574411,0.7453194576460487,0.8758745274941002,0.4935158501440922
randomized,307,failure_risk,0.61401532758599,0.4491887404483632,0.18911234848370104,0.4100197758734344,0.22090742738973337,0.7060324150699918,0.6168101952451978,0.8936156882400852,0.586687306501548
randomized,307,ensemble_uncertainty,0.6910911913853315,0.491390839394484,0.015100857434201038,0.4100197758734344,0.3949189184392334,0.703255182764328,0.6428695952710742,0.7711922811853894,0.7692307692307693
randomized,307,s_learner,0.567051830021864,0.44220124342495387,0.3552345592742227,0.4100197758734344,0.054785216599211706,0.6776446825819844,0.5919388307389486,0.7064511413236431,0.5360730593607306
randomized,307,t_learner,0.5260366529436138,0.4350186314976522,0.424047879457238,0.4100197758734344,0.014028103583803575,0.6984108059584256,0.5688886995931702,0.8865672576906208,0.5115273775216138
randomized,307,ipw_learner,0.8455087691987787,0.663779319227543,0.2567132300071525,0.4100197758734344,0.1533065458662819,0.590389794372598,0.5124136436988325,0.7757450452143767,0.36092265943012214
randomized,307,dr_learner,0.6172407580779428,0.4782442150118128,0.42909614009513775,0.4100197758734344,0.019076364221703335,0.6568838191152131,0.5755883383075223,0.8270262932564794,0.44398340248962653
randomized,307,reversibility_proxy,0.5669203280470114,0.426216810725595,0.5869174571750819,0.4100197758734344,0.1768976813016475,0.704344860717592,0.5944372504419081,0.8513459891819644,0.4777777777777778
randomized,401,paired_label_oracle,0.48751502971763566,0.3701745196734908,0.39269558088356676,0.4100197758734344,0.017324194989867647,0.7906100092574411,0.7453194576460487,0.8758745274941002,0.4935158501440922
randomized,401,failure_risk,0.61401532758599,0.4491887404483632,0.18911234848370104,0.4100197758734344,0.22090742738973337,0.7060324150699918,0.6168101952451978,0.8936156882400852,0.586687306501548
randomized,401,ensemble_uncertainty,0.6910911913853315,0.491390839394484,0.015100857434201038,0.4100197758734344,0.3949189184392334,0.703255182764328,0.6428695952710742,0.7711922811853894,0.7692307692307693
randomized,401,s_learner,0.5504145736496959,0.43162534666360014,0.34765572779632037,0.4100197758734344,0.06236404807711404,0.704091508401829,0.6025064581847221,0.7630474281060083,0.553475935828877
randomized,401,t_learner,0.5029290739753454,0.4224665190732314,0.3557708848393034,0.4100197758734344,0.054248891034131,0.7538414873621904,0.6780982234907506,0.8582482300607731,0.5162689804772235
randomized,401,ipw_learner,0.8226212506521524,0.6333333224343012,0.25420228532842687,0.4100197758734344,0.15581749054500754,0.6216099882178023,0.5183583179911655,0.7481099764008103,0.3712737127371274
randomized,401,dr_learner,0.5708275196614596,0.4301005099054694,0.358258026087842,0.4100197758734344,0.05176174978559239,0.7415569683283306,0.6428612427983139,0.8218574441868721,0.46894626657362176
randomized,401,reversibility_proxy,0.539232905788963,0.4155790734306793,0.5437872442825106,0.4100197758734344,0.13376746840907616,0.7267389261368418,0.6116311441059854,0.8613495395025375,0.4608171466845278
randomized,503,paired_label_oracle,0.48751502971763566,0.3701745196734908,0.39269558088356676,0.4100197758734344,0.017324194989867647,0.7906100092574411,0.7453194576460487,0.8758745274941002,0.4935158501440922
randomized,503,failure_risk,0.61401532758599,0.4491887404483632,0.18911234848370104,0.4100197758734344,0.22090742738973337,0.7060324150699918,0.6168101952451978,0.8936156882400852,0.586687306501548
randomized,503,ensemble_uncertainty,0.6910911913853315,0.491390839394484,0.015100857434201038,0.4100197758734344,0.3949189184392334,0.703255182764328,0.6428695952710742,0.7711922811853894,0.7692307692307693
randomized,503,s_learner,0.5724866129584939,0.45194598763994503,0.3029466850920068,0.4100197758734344,0.10707309078142763,0.6774290262855219,0.5697527414202099,0.7902387068479418,0.5475966069745523
randomized,503,t_learner,0.5324360367646443,0.42703567101480777,0.34299805403816597,0.4100197758734344,0.06702172183526844,0.7334891435464415,0.6526397904024827,0.8547501200843723,0.5099443118536198
randomized,503,ipw_learner,0.7847063966633723,0.6058643164755328,0.38129370565291054,0.4100197758734344,0.02872607022052387,0.6229188290739753,0.5177779737703417,0.5812292462878266,0.39864864864864863
randomized,503,dr_learner,0.6088537197798294,0.4613080804157037,0.34409383787535963,0.4100197758734344,0.06592593799807478,0.6971405377731646,0.6276462395941597,0.7484963348161143,0.4290830945558739
randomized,503,reversibility_proxy,0.5440995571053057,0.40959700837917995,0.5120333038275385,0.4100197758734344,0.10201352795410412,0.7304015765702584,0.6273742731095833,0.8693586450305955,0.4562334217506631
uncertainty_selective,101,paired_label_oracle,0.48751502971763566,0.3701745196734908,0.39269558088356676,0.4100197758734344,0.017324194989867647,0.7906100092574411,0.7453194576460487,0.8758745274941002,0.4935158501440922
uncertainty_selective,101,failure_risk,0.61401532758599,0.4491887404483632,0.18911234848370104,0.4100197758734344,0.22090742738973337,0.7060324150699918,0.6168101952451978,0.8936156882400852,0.586687306501548
uncertainty_selective,101,ensemble_uncertainty,0.6910911913853315,0.491390839394484,0.015100857434201038,0.4100197758734344,0.3949189184392334,0.703255182764328,0.6428695952710742,0.7711922811853894,0.7692307692307693
uncertainty_selective,101,s_learner,0.5260530497117064,0.4105224329646709,0.4342683644384519,0.4100197758734344,0.024248588565017493,0.7280942295284316,0.6113559470032751,0.8349153144122131,0.5688622754491018
uncertainty_selective,101,t_learner,0.523955024207575,0.41500995347943054,0.4285510989518722,0.4100197758734344,0.0185313230784378,0.7359911072460515,0.6577252232706703,0.9161393396403734,0.5393518518518519
uncertainty_selective,101,ipw_learner,0.8115519017616634,0.626707863217329,0.360667742140488,0.4100197758734344,0.04935203373294639,0.5890397508906781,0.4900436654441249,0.727653864628365,0.3960995292535306
uncertainty_selective,101,dr_learner,0.6102927101747494,0.4479346184861762,0.4282902752539792,0.4100197758734344,0.018270499380544813,0.7114957079137094,0.6159914593522416,0.8582795564187707,0.4485141672425708
uncertainty_selective,101,reversibility_proxy,0.536957171612656,0.3951051157009625,0.5861844696256779,0.4100197758734344,0.17616469375224353,0.7549022358122703,0.6650039984418723,0.9101664473821607,0.4535266974291364
uncertainty_selective,211,paired_label_oracle,0.48751502971763566,0.3701745196734908,0.39269558088356676,0.4100197758734344,0.017324194989867647,0.7906100092574411,0.7453194576460487,0.8758745274941002,0.4935158501440922
uncertainty_selective,211,failure_risk,0.61401532758599,0.4491887404483632,0.18911234848370104,0.4100197758734344,0.22090742738973337,0.7060324150699918,0.6168101952451978,0.8936156882400852,0.586687306501548
uncertainty_selective,211,ensemble_uncertainty,0.6910911913853315,0.491390839394484,0.015100857434201038,0.4100197758734344,0.3949189184392334,0.703255182764328,0.6428695952710742,0.7711922811853894,0.7692307692307693
uncertainty_selective,211,s_learner,0.5834696213254565,0.45551622937075503,0.2956999149173498,0.4100197758734344,0.1143198609560846,0.6712346059976997,0.5714298983010352,0.7255811039408558,0.5449490268767377
uncertainty_selective,211,t_learner,0.5243166359323427,0.4229982440202112,0.3134874359077738,0.4100197758734344,0.09653233996566063,0.7354019973630319,0.6542191887343229,0.8988785163836852,0.5359741309620049
uncertainty_selective,211,ipw_learner,0.9053384099539425,0.7145842619697044,0.15896438669730112,0.4100197758734344,0.2510553891761333,0.550673969759026,0.4751269882632079,0.6973038447883383,0.32282385195339275
uncertainty_selective,211,dr_learner,0.6352646738492562,0.48996542311158714,0.2763148761288697,0.4100197758734344,0.13370489974456473,0.6718368656548939,0.6069665507315348,0.7778334690808847,0.4260312944523471
uncertainty_selective,211,reversibility_proxy,0.5588789737928143,0.42198940146967384,0.5252318828610425,0.4100197758734344,0.11521210698760809,0.7092102771621736,0.6112508050302513,0.8273186725977905,0.4614352783366868
uncertainty_selective,307,paired_label_oracle,0.48751502971763566,0.3701745196734908,0.39269558088356676,0.4100197758734344,0.017324194989867647,0.7906100092574411,0.7453194576460487,0.8758745274941002,0.4935158501440922
uncertainty_selective,307,failure_risk,0.61401532758599,0.4491887404483632,0.18911234848370104,0.4100197758734344,0.22090742738973337,0.7060324150699918,0.6168101952451978,0.8936156882400852,0.586687306501548
uncertainty_selective,307,ensemble_uncertainty,0.6910911913853315,0.491390839394484,0.015100857434201038,0.4100197758734344,0.3949189184392334,0.703255182764328,0.6428695952710742,0.7711922811853894,0.7692307692307693
uncertainty_selective,307,s_learner,0.5567785670015105,0.4287120534024823,0.33508618268072016,0.4100197758734344,0.07493359319271425,0.7098739024321822,0.6154949752883757,0.7455359939853393,0.5522935779816514
uncertainty_selective,307,t_learner,0.5299792393496764,0.43811183069674847,0.3912504000457872,0.4100197758734344,0.018769375827647206,0.7047525037170028,0.6076463745064881,0.8573397656788422,0.5244913338357197
uncertainty_selective,307,ipw_learner,0.838347040785625,0.6510865532537712,0.17049585070262124,0.4100197758734344,0.23952392517081317,0.6391886063343338,0.5453932179190814,0.7783294697491803,0.35895676046671243
uncertainty_selective,307,dr_learner,0.6076953700200965,0.47363855922870934,0.3681011542026506,0.4100197758734344,0.04191862167078381,0.6720665483771425,0.5876095821527829,0.795271808366226,0.44467496542185336
uncertainty_selective,307,reversibility_proxy,0.5627024386647217,0.43127758988598575,0.5446346871697282,0.4100197758734344,0.13461491129629377,0.7083046960473532,0.6109174175257215,0.834158260760604,0.4651791751183232
uncertainty_selective,401,paired_label_oracle,0.48751502971763566,0.3701745196734908,0.39269558088356676,0.4100197758734344,0.017324194989867647,0.7906100092574411,0.7453194576460487,0.8758745274941002,0.4935158501440922
uncertainty_selective,401,failure_risk,0.61401532758599,0.4491887404483632,0.18911234848370104,0.4100197758734344,0.22090742738973337,0.7060324150699918,0.6168101952451978,0.8936156882400852,0.586687306501548
uncertainty_selective,401,ensemble_uncertainty,0.6910911913853315,0.491390839394484,0.015100857434201038,0.4100197758734344,0.3949189184392334,0.703255182764328,0.6428695952710742,0.7711922811853894,0.7692307692307693
uncertainty_selective,401,s_learner,0.545958536939015,0.42991798750235993,0.3386137007478435,0.4100197758734344,0.07140607512559088,0.7111432939658316,0.615837071029105,0.7858216903702776,0.5548617305976806
uncertainty_selective,401,t_learner,0.5142731277320122,0.43139101508894323,0.32215291586807077,0.4100197758734344,0.08786686000536365,0.7425186551462957,0.660574835348153,0.8825783681055908,0.5097755249818972
uncertainty_selective,401,ipw_learner,0.8346406855619857,0.6537094468848833,0.18230333217544312,0.4100197758734344,0.2277164436979913,0.6412899402474261,0.5308367559718216,0.7158177223649312,0.3685636856368564
uncertainty_selective,401,dr_learner,0.5689298150440392,0.4313501026383162,0.3744896971335145,0.4100197758734344,0.035530078739919924,0.7378057760821387,0.6237650490782939,0.8531629179458263,0.4670824670824671
uncertainty_selective,401,reversibility_proxy,0.5357892624817211,0.41860066249170974,0.5230639753329102,0.4100197758734344,0.11304419945947575,0.729814219990462,0.6199627331759886,0.8824635047929328,0.4535266974291364
uncertainty_selective,503,paired_label_oracle,0.48751502971763566,0.3701745196734908,0.39269558088356676,0.4100197758734344,0.017324194989867647,0.7906100092574411,0.7453194576460487,0.8758745274941002,0.4935158501440922
uncertainty_selective,503,failure_risk,0.61401532758599,0.4491887404483632,0.18911234848370104,0.4100197758734344,0.22090742738973337,0.7060324150699918,0.6168101952451978,0.8936156882400852,0.586687306501548
uncertainty_selective,503,ensemble_uncertainty,0.6910911913853315,0.491390839394484,0.015100857434201038,0.4100197758734344,0.3949189184392334,0.703255182764328,0.6428695952710742,0.7711922811853894,0.7692307692307693
uncertainty_selective,503,s_learner,0.5720486206810399,0.44532093785865257,0.2816447466857432,0.4100197758734344,0.12837502918769123,0.6994961006536314,0.5857654656674275,0.8450807175824405,0.5708542713567839
uncertainty_selective,503,t_learner,0.5218346714228703,0.42185974472749366,0.32115618907155846,0.4100197758734344,0.08886358680187595,0.7480590933318372,0.6792444736673684,0.8864210680199653,0.5298329355608592
uncertainty_selective,503,ipw_learner,0.84444150036834,0.6641553560555492,0.1059173892350989,0.4100197758734344,0.3041023866383355,0.6705350380116138,0.5498731229700432,0.7707954806507529,0.3665987780040733
uncertainty_selective,503,dr_learner,0.6170888602731309,0.4680296620016398,0.2971907019954059,0.4100197758734344,0.11282907387802849,0.7002719373299295,0.6377234977275649,0.7717143871520163,0.4197002141327623
uncertainty_selective,503,reversibility_proxy,0.5220460802987419,0.4000918146961994,0.48612741427588163,0.4100197758734344,0.07610763840244722,0.7516130389654109,0.6508169425171698,0.9001733391809201,0.5066765578635015
adaptive_value,101,paired_label_oracle,0.48751502971763566,0.3701745196734908,0.39269558088356676,0.4100197758734344,0.017324194989867647,0.7906100092574411,0.7453194576460487,0.8758745274941002,0.4935158501440922
adaptive_value,101,failure_risk,0.61401532758599,0.4491887404483632,0.18911234848370104,0.4100197758734344,0.22090742738973337,0.7060324150699918,0.6168101952451978,0.8936156882400852,0.586687306501548
adaptive_value,101,ensemble_uncertainty,0.6910911913853315,0.491390839394484,0.015100857434201038,0.4100197758734344,0.3949189184392334,0.703255182764328,0.6428695952710742,0.7711922811853894,0.7692307692307693
adaptive_value,101,s_learner,0.5465415333581876,0.4332351854086983,0.3701224535698748,0.4100197758734344,0.039897322303559635,0.7077103262546638,0.6019472453548731,0.7373076039512979,0.5358615004122012
adaptive_value,101,t_learner,0.5232532730741293,0.4077786183231507,0.43785843919120343,0.4100197758734344,0.02783866331776902,0.7332454343984066,0.6620473980557576,0.9120251446233527,0.5405831363278172
adaptive_value,101,ipw_learner,0.8402448685902013,0.6592035341637066,0.4113543774704243,0.4100197758734344,0.0013346015969898928,0.5336976112996886,0.459464548594021,0.6330795898335526,0.37669376693766937
adaptive_value,101,dr_learner,0.5769216924374851,0.44143274618250095,0.411945581364942,0.4100197758734344,0.001925805491507615,0.720107056694813,0.6337728290290392,0.8712695528684502,0.4596100278551532
adaptive_value,101,reversibility_proxy,0.5542913330934491,0.4110496176962956,0.5721230654631623,0.4100197758734344,0.16210328958972786,0.7202376777849469,0.6373669147779452,0.8637094584716914,0.4535266974291364
adaptive_value,211,paired_label_oracle,0.48751502971763566,0.3701745196734908,0.39269558088356676,0.4100197758734344,0.017324194989867647,0.7906100092574411,0.7453194576460487,0.8758745274941002,0.4935158501440922
adaptive_value,211,failure_risk,0.61401532758599,0.4491887404483632,0.18911234848370104,0.4100197758734344,0.22090742738973337,0.7060324150699918,0.6168101952451978,0.8936156882400852,0.586687306501548
adaptive_value,211,ensemble_uncertainty,0.6910911913853315,0.491390839394484,0.015100857434201038,0.4100197758734344,0.3949189184392334,0.703255182764328,0.6428695952710742,0.7711922811853894,0.7692307692307693
adaptive_value,211,s_learner,0.5983241241149112,0.4743832881300266,0.2677468236992547,0.4100197758734344,0.14227295217417973,0.6411338962605548,0.5330579195573382,0.6927510807593509,0.5429417571569596
adaptive_value,211,t_learner,0.5436625389195652,0.43234108268585975,0.2908836928789916,0.4100197758734344,0.11913608299444284,0.7296879821583864,0.6538133485704464,0.9063133053484536,0.5423302598491199
adaptive_value,211,ipw_learner,0.8471222417511293,0.6463178062397709,0.26526984302775203,0.4100197758734344,0.14474993284568238,0.5982516060257526,0.5224747675642913,0.7365505502996889,0.36277173913043476
adaptive_value,211,dr_learner,0.6846511709297739,0.5119856882572724,0.25318400823095555,0.4100197758734344,0.15683576764247886,0.6634876357056695,0.5928949335804764,0.7616795104734457,0.39901477832512317
adaptive_value,211,reversibility_proxy,0.5504781028173519,0.41923895535220734,0.5020433352743235,0.4100197758734344,0.09202355940088913,0.7215403820798384,0.645646348367181,0.8442244637971723,0.45382585751978893
adaptive_value,307,paired_label_oracle,0.48751502971763566,0.3701745196734908,0.39269558088356676,0.4100197758734344,0.017324194989867647,0.7906100092574411,0.7453194576460487,0.8758745274941002,0.4935158501440922
adaptive_value,307,failure_risk,0.61401532758599,0.4491887404483632,0.18911234848370104,0.4100197758734344,0.22090742738973337,0.7060324150699918,0.6168101952451978,0.8936156882400852,0.586687306501548
adaptive_value,307,ensemble_uncertainty,0.6910911913853315,0.491390839394484,0.015100857434201038,0.4100197758734344,0.3949189184392334,0.703255182764328,0.6428695952710742,0.7711922811853894,0.7692307692307693
adaptive_value,307,s_learner,0.5690444108632968,0.45161665305397036,0.3346273685359177,0.4100197758734344,0.07539240733751673,0.6687536819367689,0.5542476048964221,0.7149614685796629,0.5372866127583109
adaptive_value,307,t_learner,0.5612159232524835,0.4389571530514826,0.31608880285220314,0.4100197758734344,0.09393097302123127,0.6857519566863972,0.5910380019650197,0.894503268383351,0.5244932432432432
adaptive_value,307,ipw_learner,0.8096093987270859,0.6397215791002724,0.38599950939385574,0.4100197758734344,0.024020266479578667,0.5552553510814374,0.49338744365621207,0.693680429379947,0.3749138525155066
adaptive_value,307,dr_learner,0.6538749764829723,0.4917536184028093,0.30577036707131616,0.4100197758734344,0.10424940880211825,0.6389615535669201,0.5867860488829766,0.8107261449783848,0.4064285714285714
adaptive_value,307,reversibility_proxy,0.5653176055091933,0.4234200838999915,0.5211828739217181,0.4100197758734344,0.11116309804828373,0.6878699469801105,0.5758424188090108,0.8225466240628198,0.476356050069541
adaptive_value,401,paired_label_oracle,0.48751502971763566,0.3701745196734908,0.39269558088356676,0.4100197758734344,0.017324194989867647,0.7906100092574411,0.7453194576460487,0.8758745274941002,0.4935158501440922
adaptive_value,401,failure_risk,0.61401532758599,0.4491887404483632,0.18911234848370104,0.4100197758734344,0.22090742738973337,0.7060324150699918,0.6168101952451978,0.8936156882400852,0.586687306501548
adaptive_value,401,ensemble_uncertainty,0.6910911913853315,0.491390839394484,0.015100857434201038,0.4100197758734344,0.3949189184392334,0.703255182764328,0.6428695952710742,0.7711922811853894,0.7692307692307693
adaptive_value,401,s_learner,0.5666752497353559,0.44368567769326656,0.36904022216688825,0.4100197758734344,0.04097955370654616,0.6814791567312818,0.5492271840078188,0.8117181463149761,0.5581395348837209
adaptive_value,401,t_learner,0.5093512724423022,0.41886310122204834,0.43070610680899185,0.4100197758734344,0.02068633093555744,0.7299842904031195,0.6219154111024245,0.9090804669715765,0.5339366515837104
adaptive_value,401,ipw_learner,0.7375938745923049,0.5676510296049838,0.37161302895100395,0.4100197758734344,0.03840674692243046,0.6311646141330266,0.5110901399073104,0.8423866507946453,0.4238544474393531
adaptive_value,401,dr_learner,0.5705048064812827,0.437481118868312,0.40087264855794397,0.4100197758734344,0.009147127315490444,0.7097590610710579,0.6136812899095294,0.8527347910531922,0.46652421652421655
adaptive_value,401,reversibility_proxy,0.5490506752932024,0.4227201666341617,0.5712549064453291,0.4100197758734344,0.16123513057189465,0.7090884225881561,0.5971794664416628,0.8854812772800368,0.4605087014725569
adaptive_value,503,paired_label_oracle,0.48751502971763566,0.3701745196734908,0.39269558088356676,0.4100197758734344,0.017324194989867647,0.7906100092574411,0.7453194576460487,0.8758745274941002,0.4935158501440922
adaptive_value,503,failure_risk,0.61401532758599,0.4491887404483632,0.18911234848370104,0.4100197758734344,0.22090742738973337,0.7060324150699918,0.6168101952451978,0.8936156882400852,0.586687306501548
adaptive_value,503,ensemble_uncertainty,0.6910911913853315,0.491390839394484,0.015100857434201038,0.4100197758734344,0.3949189184392334,0.703255182764328,0.6428695952710742,0.7711922811853894,0.7692307692307693
adaptive_value,503,s_learner,0.5636908859229537,0.4507758115088578,0.28778851499084823,0.4100197758734344,0.12223126088258618,0.6981390439588184,0.596982745964575,0.7641647348745901,0.558693733451015
adaptive_value,503,t_learner,0.519946896240224,0.4257092266174705,0.2957740705914614,0.4100197758734344,0.11424570528197303,0.7497896036132072,0.6797164830694215,0.8619551824238247,0.5308740978348035
adaptive_value,503,ipw_learner,0.9234102795928214,0.7365536712350701,0.18569987727453147,0.4100197758734344,0.22431989859890294,0.5908079571913485,0.48847208434264894,0.5100975293945659,0.3369788106630212
adaptive_value,503,dr_learner,0.6210363772174852,0.4670420597695998,0.2921437306566583,0.4100197758734344,0.11787604521677614,0.7092497264846972,0.6350106673433807,0.7308909216214523,0.4085794655414909
adaptive_value,503,reversibility_proxy,0.5180444189241956,0.40122085621110215,0.49315793296578847,0.4100197758734344,0.08313815709235406,0.7601042864757203,0.6835569569165993,0.8695988137752438,0.4535266974291364
