logging_scheme,delay_candidate_hops,method,target_budget,logging_seeds,success_mean,success_std,intervention_mean,precision_mean
randomized,0,paired_label_oracle,0.1,5,0.5375,0.0,0.1,0.875
randomized,0,paired_label_oracle,0.25,5,0.6625,0.0,0.25,0.85
randomized,0,paired_label_oracle,0.5,5,0.8166666666666667,0.0,0.5,0.7333333333333333
randomized,0,paired_label_oracle,0.75,5,0.9166666666666666,0.0,0.75,0.6277777777777778
randomized,0,t_learner,0.1,5,0.5166666666666667,0.0155902391115581,0.1,0.6666666666666667
randomized,0,t_learner,0.25,5,0.6166666666666667,0.02411632688081299,0.25,0.6666666666666667
randomized,0,t_learner,0.5,5,0.7825,0.01777560750641795,0.5,0.6666666666666667
randomized,0,t_learner,0.75,5,0.9025000000000001,0.019676198255195936,0.75,0.61
randomized,0,dr_learner,0.1,5,0.5133333333333333,0.008539125638299673,0.1,0.6333333333333334
randomized,0,dr_learner,0.25,5,0.6241666666666668,0.009033118078616153,0.25,0.6966666666666667
randomized,0,dr_learner,0.5,5,0.7808333333333334,0.017579185924774175,0.5,0.6633333333333333
randomized,0,dr_learner,0.75,5,0.8858333333333335,0.023496453633119464,0.75,0.5922222222222222
randomized,0,reversibility_proxy,0.1,5,0.5183333333333333,0.008640183897219928,0.1,0.6833333333333333
randomized,0,reversibility_proxy,0.25,5,0.62,0.009033118078616169,0.25,0.6799999999999999
randomized,0,reversibility_proxy,0.5,5,0.7983333333333333,0.008640183897219881,0.5,0.6966666666666667
randomized,0,reversibility_proxy,0.75,5,0.9099999999999999,0.012004050242406627,0.75,0.6177777777777778
randomized,1,paired_label_oracle,0.1,5,0.5125,0.0,0.1,0.625
randomized,1,paired_label_oracle,0.25,5,0.625,0.0,0.25,0.7166666666666667
randomized,1,paired_label_oracle,0.5,5,0.775,0.0,0.5,0.6583333333333333
randomized,1,paired_label_oracle,0.75,5,0.8791666666666667,0.0,0.75,0.5833333333333334
randomized,1,t_learner,0.1,5,0.5058333333333334,0.011636866703140793,0.1,0.5833333333333333
randomized,1,t_learner,0.25,5,0.5816666666666667,0.022745573439926968,0.25,0.5433333333333333
randomized,1,t_learner,0.5,5,0.7083333333333334,0.017677669529663674,0.5,0.5349999999999999
randomized,1,t_learner,0.75,5,0.8241666666666667,0.03205897343611888,0.75,0.5255555555555556
randomized,1,dr_learner,0.1,5,0.5016666666666667,0.006319062870042965,0.1,0.5333333333333334
randomized,1,dr_learner,0.25,5,0.5908333333333333,0.003486083443891963,0.25,0.5733333333333334
randomized,1,dr_learner,0.5,5,0.71,0.01003466214899359,0.5,0.5433333333333333
randomized,1,dr_learner,0.75,5,0.8066666666666666,0.03675179511866659,0.75,0.5033333333333333
randomized,1,reversibility_proxy,0.1,5,0.4916666666666667,0.008838834764831842,0.1,0.4166666666666667
randomized,1,reversibility_proxy,0.25,5,0.5708333333333334,0.009771699499632193,0.25,0.49000000000000005
randomized,1,reversibility_proxy,0.5,5,0.7366666666666666,0.018493617517643477,0.5,0.5833333333333333
randomized,1,reversibility_proxy,0.75,5,0.8291666666666666,0.029315098498896415,0.75,0.5311111111111111
randomized,2,paired_label_oracle,0.1,5,0.5083333333333333,0.0,0.1,0.625
randomized,2,paired_label_oracle,0.25,5,0.6,0.0,0.25,0.6333333333333333
randomized,2,paired_label_oracle,0.5,5,0.7333333333333333,0.0,0.5,0.575
randomized,2,paired_label_oracle,0.75,5,0.7833333333333333,0.0,0.75,0.49444444444444446
randomized,2,t_learner,0.1,5,0.4925,0.01650967729679912,0.1,0.4583333333333333
randomized,2,t_learner,0.25,5,0.5566666666666666,0.021969043877440135,0.25,0.48
randomized,2,t_learner,0.5,5,0.6599999999999999,0.019454362549881265,0.5,0.48999999999999994
randomized,2,t_learner,0.75,5,0.7408333333333333,0.03402919498182571,0.75,0.45444444444444443
randomized,2,dr_learner,0.1,5,0.485,0.007569125885243741,0.1,0.41666666666666663
randomized,2,dr_learner,0.25,5,0.5558333333333334,0.011257713405088573,0.25,0.47000000000000003
randomized,2,dr_learner,0.5,5,0.6566666666666666,0.01682219103182196,0.5,0.47000000000000003
randomized,2,dr_learner,0.75,5,0.7291666666666666,0.014731391274719705,0.75,0.4444444444444445
randomized,2,reversibility_proxy,0.1,5,0.4758333333333333,0.0034860834438919974,0.1,0.25833333333333336
randomized,2,reversibility_proxy,0.25,5,0.5258333333333333,0.010785149254620664,0.25,0.31333333333333335
randomized,2,reversibility_proxy,0.5,5,0.6766666666666666,0.020957960566598793,0.5,0.475
randomized,2,reversibility_proxy,0.75,5,0.7474999999999999,0.024044230077089213,0.75,0.47333333333333333
uncertainty_selective,0,paired_label_oracle,0.1,5,0.5375,0.0,0.1,0.875
uncertainty_selective,0,paired_label_oracle,0.25,5,0.6625,0.0,0.25,0.85
uncertainty_selective,0,paired_label_oracle,0.5,5,0.8166666666666667,0.0,0.5,0.7333333333333333
uncertainty_selective,0,paired_label_oracle,0.75,5,0.9166666666666666,0.0,0.75,0.6277777777777778
uncertainty_selective,0,t_learner,0.1,5,0.5233333333333333,0.012706625568314082,0.1,0.7333333333333333
uncertainty_selective,0,t_learner,0.25,5,0.63,0.018018123592033086,0.25,0.7233333333333334
uncertainty_selective,0,t_learner,0.5,5,0.7866666666666666,0.03109684692840882,0.5,0.6766666666666666
uncertainty_selective,0,t_learner,0.75,5,0.9,0.023753654689565362,0.75,0.6022222222222222
uncertainty_selective,0,dr_learner,0.1,5,0.5125,0.014433756729740656,0.1,0.6333333333333334
uncertainty_selective,0,dr_learner,0.25,5,0.6258333333333332,0.019409691164753516,0.25,0.7066666666666667
uncertainty_selective,0,dr_learner,0.5,5,0.775,0.027481054079735237,0.5,0.6566666666666666
uncertainty_selective,0,dr_learner,0.75,5,0.8908333333333334,0.028927591596183,0.75,0.5955555555555556
uncertainty_selective,0,reversibility_proxy,0.1,5,0.5166666666666667,0.011410886614690991,0.1,0.6666666666666667
uncertainty_selective,0,reversibility_proxy,0.25,5,0.6308333333333334,0.006972166887783959,0.25,0.7233333333333334
uncertainty_selective,0,reversibility_proxy,0.5,5,0.8041666666666666,0.020623947784607598,0.5,0.7116666666666667
uncertainty_selective,0,reversibility_proxy,0.75,5,0.9016666666666666,0.020957960566598814,0.75,0.6088888888888888
uncertainty_selective,1,paired_label_oracle,0.1,5,0.5125,0.0,0.1,0.625
uncertainty_selective,1,paired_label_oracle,0.25,5,0.625,0.0,0.25,0.7166666666666667
uncertainty_selective,1,paired_label_oracle,0.5,5,0.775,0.0,0.5,0.6583333333333333
uncertainty_selective,1,paired_label_oracle,0.75,5,0.8791666666666667,0.0,0.75,0.5833333333333334
uncertainty_selective,1,t_learner,0.1,5,0.5108333333333334,0.012004050242406653,0.1,0.6333333333333333
uncertainty_selective,1,t_learner,0.25,5,0.5966666666666667,0.015975241260567305,0.25,0.6
uncertainty_selective,1,t_learner,0.5,5,0.7133333333333333,0.02270737765573122,0.5,0.5466666666666666
uncertainty_selective,1,t_learner,0.75,5,0.825,0.03952847075210474,0.75,0.5233333333333333
uncertainty_selective,1,dr_learner,0.1,5,0.49749999999999994,0.009592387027684435,0.1,0.5083333333333333
uncertainty_selective,1,dr_learner,0.25,5,0.5866666666666667,0.015701203067847294,0.25,0.5633333333333334
uncertainty_selective,1,dr_learner,0.5,5,0.7083333333333334,0.026679684322636864,0.5,0.5366666666666667
uncertainty_selective,1,dr_learner,0.75,5,0.8141666666666667,0.03367017308472819,0.75,0.5133333333333333
uncertainty_selective,1,reversibility_proxy,0.1,5,0.4966666666666667,0.00903311807861615,0.1,0.4666666666666666
uncertainty_selective,1,reversibility_proxy,0.25,5,0.5775,0.014006446928309697,0.25,0.5133333333333333
uncertainty_selective,1,reversibility_proxy,0.5,5,0.7474999999999999,0.01830490219707401,0.5,0.6
uncertainty_selective,1,reversibility_proxy,0.75,5,0.8233333333333333,0.03663350773388879,0.75,0.5233333333333333
uncertainty_selective,2,paired_label_oracle,0.1,5,0.5083333333333333,0.0,0.1,0.625
uncertainty_selective,2,paired_label_oracle,0.25,5,0.6,0.0,0.25,0.6333333333333333
uncertainty_selective,2,paired_label_oracle,0.5,5,0.7333333333333333,0.0,0.5,0.575
uncertainty_selective,2,paired_label_oracle,0.75,5,0.7833333333333333,0.0,0.75,0.49444444444444446
uncertainty_selective,2,t_learner,0.1,5,0.495,0.017027347284752126,0.1,0.5083333333333334
uncertainty_selective,2,t_learner,0.25,5,0.5625,0.016925080009658266,0.25,0.5
uncertainty_selective,2,t_learner,0.5,5,0.6566666666666666,0.030132807886274215,0.5,0.485
uncertainty_selective,2,t_learner,0.75,5,0.7366666666666666,0.03552678957882035,0.75,0.4488888888888889
uncertainty_selective,2,dr_learner,0.1,5,0.48166666666666663,0.013372338779901015,0.1,0.4
uncertainty_selective,2,dr_learner,0.25,5,0.5525,0.018066236157232306,0.25,0.45999999999999996
uncertainty_selective,2,dr_learner,0.5,5,0.6516666666666666,0.02331100121783226,0.5,0.4583333333333333
uncertainty_selective,2,dr_learner,0.75,5,0.7375,0.024650332429581746,0.75,0.4477777777777778
uncertainty_selective,2,reversibility_proxy,0.1,5,0.48083333333333333,0.008640183897219869,0.1,0.30833333333333335
uncertainty_selective,2,reversibility_proxy,0.25,5,0.5375,0.014129854131510954,0.25,0.35333333333333333
uncertainty_selective,2,reversibility_proxy,0.5,5,0.6966666666666667,0.017529736639968825,0.5,0.51
uncertainty_selective,2,reversibility_proxy,0.75,5,0.7474999999999999,0.0407822810108072,0.75,0.4644444444444445
adaptive_value,0,paired_label_oracle,0.1,5,0.5375,0.0,0.1,0.875
adaptive_value,0,paired_label_oracle,0.25,5,0.6625,0.0,0.25,0.85
adaptive_value,0,paired_label_oracle,0.5,5,0.8166666666666667,0.0,0.5,0.7333333333333333
adaptive_value,0,paired_label_oracle,0.75,5,0.9166666666666666,0.0,0.75,0.6277777777777778
adaptive_value,0,t_learner,0.1,5,0.5225,0.014006446928309697,0.1,0.7333333333333333
adaptive_value,0,t_learner,0.25,5,0.6224999999999999,0.01900292375165231,0.25,0.6900000000000001
adaptive_value,0,t_learner,0.5,5,0.7691666666666667,0.03915336653611169,0.5,0.6383333333333333
adaptive_value,0,t_learner,0.75,5,0.9075,0.04076099033798534,0.75,0.6122222222222222
adaptive_value,0,dr_learner,0.1,5,0.5033333333333333,0.013307266185559434,0.1,0.5416666666666667
adaptive_value,0,dr_learner,0.25,5,0.6075,0.010374916331657323,0.25,0.6333333333333333
adaptive_value,0,dr_learner,0.5,5,0.7583333333333333,0.02263079269000046,0.5,0.6216666666666667
adaptive_value,0,dr_learner,0.75,5,0.8983333333333334,0.021368135674930157,0.75,0.6055555555555555
adaptive_value,0,reversibility_proxy,0.1,5,0.5233333333333333,0.01782437469683952,0.1,0.7333333333333333
adaptive_value,0,reversibility_proxy,0.25,5,0.6208333333333333,0.028105703256733432,0.25,0.6833333333333333
adaptive_value,0,reversibility_proxy,0.5,5,0.7775000000000001,0.02578624741127634,0.5,0.655
adaptive_value,0,reversibility_proxy,0.75,5,0.9016666666666667,0.03639577966987076,0.75,0.6033333333333333
adaptive_value,1,paired_label_oracle,0.1,5,0.5125,0.0,0.1,0.625
adaptive_value,1,paired_label_oracle,0.25,5,0.625,0.0,0.25,0.7166666666666667
adaptive_value,1,paired_label_oracle,0.5,5,0.775,0.0,0.5,0.6583333333333333
adaptive_value,1,paired_label_oracle,0.75,5,0.8791666666666667,0.0,0.75,0.5833333333333334
adaptive_value,1,t_learner,0.1,5,0.5083333333333334,0.014731391274719719,0.1,0.6
adaptive_value,1,t_learner,0.25,5,0.5883333333333334,0.01849361751764346,0.25,0.58
adaptive_value,1,t_learner,0.5,5,0.7166666666666667,0.037499999999999985,0.5,0.5616666666666668
adaptive_value,1,t_learner,0.75,5,0.8383333333333333,0.06224949798994367,0.75,0.5455555555555556
adaptive_value,1,dr_learner,0.1,5,0.49333333333333335,0.013043729868748763,0.1,0.475
adaptive_value,1,dr_learner,0.25,5,0.5841666666666667,0.0148487747343379,0.25,0.5633333333333332
adaptive_value,1,dr_learner,0.5,5,0.7016666666666667,0.027099354235848493,0.5,0.5466666666666666
adaptive_value,1,dr_learner,0.75,5,0.8333333333333334,0.043700368673756325,0.75,0.5444444444444445
adaptive_value,1,reversibility_proxy,0.1,5,0.5075,0.015138251770487469,0.1,0.575
adaptive_value,1,reversibility_proxy,0.25,5,0.5816666666666667,0.02578624741127633,0.25,0.5333333333333334
adaptive_value,1,reversibility_proxy,0.5,5,0.7108333333333333,0.018773133876781384,0.5,0.5333333333333334
adaptive_value,1,reversibility_proxy,0.75,5,0.8425,0.05836308764964376,0.75,0.5533333333333333
adaptive_value,2,paired_label_oracle,0.1,5,0.5083333333333333,0.0,0.1,0.625
adaptive_value,2,paired_label_oracle,0.25,5,0.6,0.0,0.25,0.6333333333333333
adaptive_value,2,paired_label_oracle,0.5,5,0.7333333333333333,0.0,0.5,0.575
adaptive_value,2,paired_label_oracle,0.75,5,0.7833333333333333,0.0,0.75,0.49444444444444446
adaptive_value,2,t_learner,0.1,5,0.49416666666666664,0.017330528619237836,0.1,0.5
adaptive_value,2,t_learner,0.25,5,0.5625,0.023570226039551608,0.25,0.5166666666666667
adaptive_value,2,t_learner,0.5,5,0.6491666666666667,0.04717726618239383,0.5,0.4683333333333334
adaptive_value,2,t_learner,0.75,5,0.7516666666666667,0.0487339717240448,0.75,0.46333333333333326
adaptive_value,2,dr_learner,0.1,5,0.48,0.017027347284752112,0.1,0.3916666666666667
adaptive_value,2,dr_learner,0.25,5,0.5516666666666666,0.014006446928309673,0.25,0.4633333333333334
adaptive_value,2,dr_learner,0.5,5,0.6441666666666667,0.030419520414073312,0.5,0.45166666666666666
adaptive_value,2,dr_learner,0.75,5,0.75,0.045643546458763846,0.75,0.4522222222222222
adaptive_value,2,reversibility_proxy,0.1,5,0.485,0.011257713405088585,0.1,0.375
adaptive_value,2,reversibility_proxy,0.25,5,0.5391666666666667,0.0326226318851056,0.25,0.38
adaptive_value,2,reversibility_proxy,0.5,5,0.6558333333333334,0.051251693738949895,0.5,0.45166666666666666
adaptive_value,2,reversibility_proxy,0.75,5,0.7541666666666667,0.04124789556921528,0.75,0.46777777777777774
