logging_scheme,logging_seed,logged_episodes,target_budget,success_rate,intervention_rate,request_precision,pehe,helpful_auroc
randomized,101,60,0.1,0.525,0.1,0.75,0.7990875222750714,0.6155882682974725
randomized,101,60,0.25,0.6291666666666667,0.25,0.7166666666666667,0.7990875222750714,0.6155882682974725
randomized,101,60,0.5,0.7916666666666666,0.5,0.6833333333333333,0.7990875222750714,0.6155882682974725
randomized,101,60,0.75,0.9208333333333333,0.75,0.6277777777777778,0.7990875222750714,0.6155882682974725
randomized,101,120,0.1,0.5125,0.1,0.625,0.6506929513732332,0.6558029076780655
randomized,101,120,0.25,0.6208333333333333,0.25,0.6833333333333333,0.6506929513732332,0.6558029076780655
randomized,101,120,0.5,0.7375,0.5,0.5833333333333334,0.6506929513732332,0.6558029076780655
randomized,101,120,0.75,0.8916666666666667,0.75,0.5888888888888889,0.6506929513732332,0.6558029076780655
randomized,101,180,0.1,0.5041666666666667,0.1,0.5416666666666666,0.6517680703159204,0.681856993575897
randomized,101,180,0.25,0.6125,0.25,0.65,0.6517680703159204,0.681856993575897
randomized,101,180,0.5,0.7375,0.5,0.5833333333333334,0.6517680703159204,0.681856993575897
randomized,101,180,0.75,0.8916666666666667,0.75,0.5944444444444444,0.6517680703159204,0.681856993575897
randomized,101,240,0.1,0.5125,0.1,0.625,0.6570703519946453,0.6577245280107723
randomized,101,240,0.25,0.6041666666666666,0.25,0.6166666666666667,0.6570703519946453,0.6577245280107723
randomized,101,240,0.5,0.7458333333333333,0.5,0.5916666666666667,0.6570703519946453,0.6577245280107723
randomized,101,240,0.75,0.8958333333333334,0.75,0.5944444444444444,0.6570703519946453,0.6577245280107723
randomized,211,60,0.1,0.48333333333333334,0.1,0.4166666666666667,0.6280596858833557,0.6600564212977249
randomized,211,60,0.25,0.5833333333333334,0.25,0.5666666666666667,0.6280596858833557,0.6600564212977249
randomized,211,60,0.5,0.6916666666666667,0.5,0.5083333333333333,0.6280596858833557,0.6600564212977249
randomized,211,60,0.75,0.8041666666666667,0.75,0.49444444444444446,0.6280596858833557,0.6600564212977249
randomized,211,120,0.1,0.49583333333333335,0.1,0.4583333333333333,0.602967460545539,0.6908225096081017
randomized,211,120,0.25,0.5916666666666667,0.25,0.5666666666666667,0.602967460545539,0.6908225096081017
randomized,211,120,0.5,0.7333333333333333,0.5,0.575,0.602967460545539,0.6908225096081017
randomized,211,120,0.75,0.8791666666666667,0.75,0.5833333333333334,0.602967460545539,0.6908225096081017
randomized,211,180,0.1,0.4875,0.1,0.375,0.6429019055186044,0.6915781832973322
randomized,211,180,0.25,0.6083333333333333,0.25,0.6333333333333333,0.6429019055186044,0.6915781832973322
randomized,211,180,0.5,0.7416666666666667,0.5,0.5916666666666667,0.6429019055186044,0.6915781832973322
randomized,211,180,0.75,0.9041666666666667,0.75,0.6055555555555555,0.6429019055186044,0.6915781832973322
randomized,211,240,0.1,0.5083333333333333,0.1,0.5833333333333334,0.6159633917218226,0.6927265969085757
randomized,211,240,0.25,0.6041666666666666,0.25,0.6166666666666667,0.6159633917218226,0.6927265969085757
randomized,211,240,0.5,0.7625,0.5,0.625,0.6159633917218226,0.6927265969085757
randomized,211,240,0.75,0.9166666666666666,0.75,0.6222222222222222,0.6159633917218226,0.6927265969085757
randomized,307,60,0.1,0.5,0.1,0.5,0.7254128962581904,0.5674145089348333
randomized,307,60,0.25,0.5541666666666667,0.25,0.45,0.7254128962581904,0.5674145089348333
randomized,307,60,0.5,0.6875,0.5,0.49166666666666664,0.7254128962581904,0.5674145089348333
randomized,307,60,0.75,0.8625,0.75,0.5611111111111111,0.7254128962581904,0.5674145089348333
randomized,307,120,0.1,0.5041666666666667,0.1,0.5416666666666666,0.6724313709463436,0.6031135158638876
randomized,307,120,0.25,0.5791666666666667,0.25,0.5333333333333333,0.6724313709463436,0.6031135158638876
randomized,307,120,0.5,0.7166666666666667,0.5,0.55,0.6724313709463436,0.6031135158638876
randomized,307,120,0.75,0.8541666666666666,0.75,0.5611111111111111,0.6724313709463436,0.6031135158638876
randomized,307,180,0.1,0.5166666666666667,0.1,0.6666666666666666,0.6474040032913582,0.6460466518921648
randomized,307,180,0.25,0.6208333333333333,0.25,0.6833333333333333,0.6474040032913582,0.6460466518921648
randomized,307,180,0.5,0.7541666666666667,0.5,0.625,0.6474040032913582,0.6460466518921648
randomized,307,180,0.75,0.8791666666666667,0.75,0.5888888888888889,0.6474040032913582,0.6460466518921648
randomized,307,240,0.1,0.5,0.1,0.5,0.6014971778655561,0.6584477655903722
randomized,307,240,0.25,0.6041666666666666,0.25,0.6166666666666667,0.6014971778655561,0.6584477655903722
randomized,307,240,0.5,0.7625,0.5,0.625,0.6014971778655561,0.6584477655903722
randomized,307,240,0.75,0.875,0.75,0.5777777777777777,0.6014971778655561,0.6584477655903722
randomized,401,60,0.1,0.5,0.1,0.5,0.6352691648187598,0.6663463966112155
randomized,401,60,0.25,0.6041666666666666,0.25,0.6166666666666667,0.6352691648187598,0.6663463966112155
randomized,401,60,0.5,0.7291666666666666,0.5,0.5583333333333333,0.6352691648187598,0.6663463966112155
randomized,401,60,0.75,0.8666666666666667,0.75,0.5666666666666667,0.6352691648187598,0.6663463966112155
randomized,401,120,0.1,0.49583333333333335,0.1,0.4583333333333333,0.6261092591320181,0.67570289926221
randomized,401,120,0.25,0.6041666666666666,0.25,0.6166666666666667,0.6261092591320181,0.67570289926221
randomized,401,120,0.5,0.7666666666666667,0.5,0.6333333333333333,0.6261092591320181,0.67570289926221
randomized,401,120,0.75,0.8833333333333333,0.75,0.5833333333333334,0.6261092591320181,0.67570289926221
randomized,401,180,0.1,0.5041666666666667,0.1,0.5416666666666666,0.6112882193896165,0.7093917440457822
randomized,401,180,0.25,0.6125,0.25,0.65,0.6112882193896165,0.7093917440457822
randomized,401,180,0.5,0.7666666666666667,0.5,0.6416666666666667,0.6112882193896165,0.7093917440457822
randomized,401,180,0.75,0.8875,0.75,0.5888888888888889,0.6112882193896165,0.7093917440457822
randomized,401,240,0.1,0.5083333333333333,0.1,0.625,0.5949888155434555,0.7363461511487642
randomized,401,240,0.25,0.6083333333333333,0.25,0.6666666666666666,0.5949888155434555,0.7363461511487642
randomized,401,240,0.5,0.7458333333333333,0.5,0.6083333333333333,0.5949888155434555,0.7363461511487642
randomized,401,240,0.75,0.9041666666666667,0.75,0.6166666666666667,0.5949888155434555,0.7363461511487642
randomized,503,60,0.1,0.48333333333333334,0.1,0.375,0.7102337726728696,0.609425407467669
randomized,503,60,0.25,0.5958333333333333,0.25,0.6,0.7102337726728696,0.609425407467669
randomized,503,60,0.5,0.725,0.5,0.5583333333333333,0.7102337726728696,0.609425407467669
randomized,503,60,0.75,0.8625,0.75,0.5611111111111111,0.7102337726728696,0.609425407467669
randomized,503,120,0.1,0.49583333333333335,0.1,0.4583333333333333,0.593512289691673,0.690156254383258
randomized,503,120,0.25,0.6,0.25,0.6,0.593512289691673,0.690156254383258
randomized,503,120,0.5,0.7333333333333333,0.5,0.5666666666666667,0.593512289691673,0.690156254383258
randomized,503,120,0.75,0.8583333333333333,0.75,0.55,0.593512289691673,0.690156254383258
randomized,503,180,0.1,0.5041666666666667,0.1,0.5416666666666666,0.5845297533829239,0.7033849272028502
randomized,503,180,0.25,0.6041666666666666,0.25,0.6166666666666667,0.5845297533829239,0.7033849272028502
randomized,503,180,0.5,0.7583333333333333,0.5,0.6166666666666667,0.5845297533829239,0.7033849272028502
randomized,503,180,0.75,0.8791666666666667,0.75,0.5722222222222222,0.5845297533829239,0.7033849272028502
randomized,503,240,0.1,0.5,0.1,0.5,0.6077449452093417,0.6913046679945016
randomized,503,240,0.25,0.6208333333333333,0.25,0.6833333333333333,0.6077449452093417,0.6913046679945016
randomized,503,240,0.5,0.775,0.5,0.65,0.6077449452093417,0.6913046679945016
randomized,503,240,0.75,0.8916666666666667,0.75,0.5888888888888889,0.6077449452093417,0.6913046679945016
uncertainty_selective,101,60,0.1,0.5291666666666667,0.1,0.7916666666666666,0.7684566972169671,0.6220667237074649
uncertainty_selective,101,60,0.25,0.6375,0.25,0.75,0.7684566972169671,0.6220667237074649
uncertainty_selective,101,60,0.5,0.8083333333333333,0.5,0.7166666666666667,0.7684566972169671,0.6220667237074649
uncertainty_selective,101,60,0.75,0.9416666666666667,0.75,0.6555555555555556,0.7684566972169671,0.6220667237074649
uncertainty_selective,101,120,0.1,0.5125,0.1,0.625,0.6038839776326551,0.6881417089797178
uncertainty_selective,101,120,0.25,0.6208333333333333,0.25,0.6833333333333333,0.6038839776326551,0.6881417089797178
uncertainty_selective,101,120,0.5,0.7458333333333333,0.5,0.5916666666666667,0.6038839776326551,0.6881417089797178
uncertainty_selective,101,120,0.75,0.8875,0.75,0.5888888888888889,0.6038839776326551,0.6881417089797178
uncertainty_selective,101,180,0.1,0.5125,0.1,0.625,0.617186129902703,0.6944518472802761
uncertainty_selective,101,180,0.25,0.6125,0.25,0.65,0.617186129902703,0.6944518472802761
uncertainty_selective,101,180,0.5,0.7666666666666667,0.5,0.6333333333333333,0.617186129902703,0.6944518472802761
uncertainty_selective,101,180,0.75,0.8875,0.75,0.5833333333333334,0.617186129902703,0.6944518472802761
uncertainty_selective,101,240,0.1,0.5166666666666667,0.1,0.6666666666666666,0.6296441521111403,0.6801852189525065
uncertainty_selective,101,240,0.25,0.6125,0.25,0.65,0.6296441521111403,0.6801852189525065
uncertainty_selective,101,240,0.5,0.7541666666666667,0.5,0.6083333333333333,0.6296441521111403,0.6801852189525065
uncertainty_selective,101,240,0.75,0.9041666666666667,0.75,0.6055555555555555,0.6296441521111403,0.6801852189525065
uncertainty_selective,211,60,0.1,0.4875,0.1,0.4166666666666667,0.6669998632876436,0.6155987881168121
uncertainty_selective,211,60,0.25,0.5875,0.25,0.5666666666666667,0.6669998632876436,0.6155987881168121
uncertainty_selective,211,60,0.5,0.7125,0.5,0.5333333333333333,0.6669998632876436,0.6155987881168121
uncertainty_selective,211,60,0.75,0.8208333333333333,0.75,0.5111111111111111,0.6669998632876436,0.6155987881168121
uncertainty_selective,211,120,0.1,0.49583333333333335,0.1,0.4583333333333333,0.5973436351517472,0.6669881055909334
uncertainty_selective,211,120,0.25,0.6,0.25,0.6,0.5973436351517472,0.6669881055909334
uncertainty_selective,211,120,0.5,0.7375,0.5,0.6,0.5973436351517472,0.6669881055909334
uncertainty_selective,211,120,0.75,0.8833333333333333,0.75,0.5944444444444444,0.5973436351517472,0.6669881055909334
uncertainty_selective,211,180,0.1,0.48333333333333334,0.1,0.4166666666666667,0.634796948510833,0.6678884267960838
uncertainty_selective,211,180,0.25,0.6,0.25,0.6333333333333333,0.634796948510833,0.6678884267960838
uncertainty_selective,211,180,0.5,0.7583333333333333,0.5,0.6333333333333333,0.634796948510833,0.6678884267960838
uncertainty_selective,211,180,0.75,0.8541666666666666,0.75,0.5555555555555556,0.634796948510833,0.6678884267960838
uncertainty_selective,211,240,0.1,0.5208333333333334,0.1,0.7083333333333334,0.6133152323292003,0.6844913316688641
uncertainty_selective,211,240,0.25,0.6083333333333333,0.25,0.6333333333333333,0.6133152323292003,0.6844913316688641
uncertainty_selective,211,240,0.5,0.7666666666666667,0.5,0.6333333333333333,0.6133152323292003,0.6844913316688641
uncertainty_selective,211,240,0.75,0.9,0.75,0.6,0.6133152323292003,0.6844913316688641
uncertainty_selective,307,60,0.1,0.5,0.1,0.5,0.7011326394497688,0.5900207240440991
uncertainty_selective,307,60,0.25,0.5625,0.25,0.48333333333333334,0.7011326394497688,0.5900207240440991
uncertainty_selective,307,60,0.5,0.7083333333333334,0.5,0.525,0.7011326394497688,0.5900207240440991
uncertainty_selective,307,60,0.75,0.8625,0.75,0.5555555555555556,0.7011326394497688,0.5900207240440991
uncertainty_selective,307,120,0.1,0.5041666666666667,0.1,0.625,0.674497018307474,0.5841042023171655
uncertainty_selective,307,120,0.25,0.5541666666666667,0.25,0.4666666666666667,0.674497018307474,0.5841042023171655
uncertainty_selective,307,120,0.5,0.6833333333333333,0.5,0.49166666666666664,0.674497018307474,0.5841042023171655
uncertainty_selective,307,120,0.75,0.8208333333333333,0.75,0.5222222222222223,0.674497018307474,0.5841042023171655
uncertainty_selective,307,180,0.1,0.5,0.1,0.5,0.6489239201823817,0.6351945815917188
uncertainty_selective,307,180,0.25,0.6041666666666666,0.25,0.6166666666666667,0.6489239201823817,0.6351945815917188
uncertainty_selective,307,180,0.5,0.7458333333333333,0.5,0.6166666666666667,0.6489239201823817,0.6351945815917188
uncertainty_selective,307,180,0.75,0.8416666666666667,0.75,0.5611111111111111,0.6489239201823817,0.6351945815917188
uncertainty_selective,307,240,0.1,0.5,0.1,0.5,0.5879557077651625,0.6698337167223049
uncertainty_selective,307,240,0.25,0.6125,0.25,0.65,0.5879557077651625,0.6698337167223049
uncertainty_selective,307,240,0.5,0.775,0.5,0.65,0.5879557077651625,0.6698337167223049
uncertainty_selective,307,240,0.75,0.875,0.75,0.5944444444444444,0.5879557077651625,0.6698337167223049
uncertainty_selective,401,60,0.1,0.49583333333333335,0.1,0.4583333333333333,0.6504058979606461,0.645070061996802
uncertainty_selective,401,60,0.25,0.5958333333333333,0.25,0.5833333333333334,0.6504058979606461,0.645070061996802
uncertainty_selective,401,60,0.5,0.7291666666666666,0.5,0.5583333333333333,0.6504058979606461,0.645070061996802
uncertainty_selective,401,60,0.75,0.8875,0.75,0.5888888888888889,0.6504058979606461,0.645070061996802
uncertainty_selective,401,120,0.1,0.5,0.1,0.5,0.6466100960165101,0.6584302325581395
uncertainty_selective,401,120,0.25,0.6,0.25,0.6,0.6466100960165101,0.6584302325581395
uncertainty_selective,401,120,0.5,0.7375,0.5,0.5833333333333334,0.6466100960165101,0.6584302325581395
uncertainty_selective,401,120,0.75,0.85,0.75,0.5444444444444444,0.6466100960165101,0.6584302325581395
uncertainty_selective,401,180,0.1,0.5041666666666667,0.1,0.5416666666666666,0.6120218868531955,0.7111538137851713
uncertainty_selective,401,180,0.25,0.6083333333333333,0.25,0.6333333333333333,0.6120218868531955,0.7111538137851713
uncertainty_selective,401,180,0.5,0.7583333333333333,0.5,0.625,0.6120218868531955,0.7111538137851713
uncertainty_selective,401,180,0.75,0.875,0.75,0.5722222222222222,0.6120218868531955,0.7111538137851713
uncertainty_selective,401,240,0.1,0.5083333333333333,0.1,0.5833333333333334,0.6054530169579784,0.7280626700704127
uncertainty_selective,401,240,0.25,0.6125,0.25,0.6666666666666666,0.6054530169579784,0.7280626700704127
uncertainty_selective,401,240,0.5,0.7291666666666666,0.5,0.5666666666666667,0.6054530169579784,0.7280626700704127
uncertainty_selective,401,240,0.75,0.8916666666666667,0.75,0.5944444444444444,0.6054530169579784,0.7280626700704127
uncertainty_selective,503,60,0.1,0.48333333333333334,0.1,0.375,0.6893948119989223,0.618035879597161
uncertainty_selective,503,60,0.25,0.5916666666666667,0.25,0.5833333333333334,0.6893948119989223,0.618035879597161
uncertainty_selective,503,60,0.5,0.7,0.5,0.5083333333333333,0.6893948119989223,0.618035879597161
uncertainty_selective,503,60,0.75,0.8583333333333333,0.75,0.5555555555555556,0.6893948119989223,0.618035879597161
uncertainty_selective,503,120,0.1,0.49583333333333335,0.1,0.4583333333333333,0.5886090106817229,0.6944991864673044
uncertainty_selective,503,120,0.25,0.6125,0.25,0.65,0.5886090106817229,0.6944991864673044
uncertainty_selective,503,120,0.5,0.7333333333333333,0.5,0.5666666666666667,0.5886090106817229,0.6944991864673044
uncertainty_selective,503,120,0.75,0.8625,0.75,0.55,0.5886090106817229,0.6944991864673044
uncertainty_selective,503,180,0.1,0.5125,0.1,0.625,0.5822857380015911,0.7106032765730637
uncertainty_selective,503,180,0.25,0.6166666666666667,0.25,0.6666666666666666,0.5822857380015911,0.7106032765730637
uncertainty_selective,503,180,0.5,0.7666666666666667,0.5,0.6333333333333333,0.5822857380015911,0.7106032765730637
uncertainty_selective,503,180,0.75,0.8875,0.75,0.5833333333333334,0.5822857380015911,0.7106032765730637
uncertainty_selective,503,240,0.1,0.5125,0.1,0.625,0.6154253652814986,0.6817947513114708
uncertainty_selective,503,240,0.25,0.6166666666666667,0.25,0.6666666666666666,0.6154253652814986,0.6817947513114708
uncertainty_selective,503,240,0.5,0.7833333333333333,0.5,0.675,0.6154253652814986,0.6817947513114708
uncertainty_selective,503,240,0.75,0.9166666666666666,0.75,0.6222222222222222,0.6154253652814986,0.6817947513114708
adaptive_value,101,60,0.1,0.5041666666666667,0.1,0.5416666666666666,0.6788499837427371,0.621109420147558
adaptive_value,101,60,0.25,0.5833333333333334,0.25,0.5333333333333333,0.6788499837427371,0.621109420147558
adaptive_value,101,60,0.5,0.7333333333333333,0.5,0.575,0.6788499837427371,0.621109420147558
adaptive_value,101,60,0.75,0.8416666666666667,0.75,0.5444444444444444,0.6788499837427371,0.621109420147558
adaptive_value,101,120,0.1,0.5041666666666667,0.1,0.5833333333333334,0.6347929687482194,0.6399583064493506
adaptive_value,101,120,0.25,0.6,0.25,0.6166666666666667,0.6347929687482194,0.6399583064493506
adaptive_value,101,120,0.5,0.7291666666666666,0.5,0.575,0.6347929687482194,0.6399583064493506
adaptive_value,101,120,0.75,0.8541666666666666,0.75,0.55,0.6347929687482194,0.6399583064493506
adaptive_value,101,180,0.1,0.5041666666666667,0.1,0.5416666666666666,0.6470927278051872,0.6576877086430836
adaptive_value,101,180,0.25,0.6041666666666666,0.25,0.6166666666666667,0.6470927278051872,0.6576877086430836
adaptive_value,101,180,0.5,0.7291666666666666,0.5,0.5583333333333333,0.6470927278051872,0.6576877086430836
adaptive_value,101,180,0.75,0.9083333333333333,0.75,0.6111111111111112,0.6470927278051872,0.6576877086430836
adaptive_value,101,240,0.1,0.5125,0.1,0.625,0.6302000155733568,0.6781505105618986
adaptive_value,101,240,0.25,0.6208333333333333,0.25,0.6833333333333333,0.6302000155733568,0.6781505105618986
adaptive_value,101,240,0.5,0.7875,0.5,0.675,0.6302000155733568,0.6781505105618986
adaptive_value,101,240,0.75,0.9458333333333333,0.75,0.6611111111111111,0.6302000155733568,0.6781505105618986
adaptive_value,211,60,0.1,0.5,0.1,0.5,0.683412562439282,0.6363578982803602
adaptive_value,211,60,0.25,0.6,0.25,0.6,0.683412562439282,0.6363578982803602
adaptive_value,211,60,0.5,0.7375,0.5,0.575,0.683412562439282,0.6363578982803602
adaptive_value,211,60,0.75,0.875,0.75,0.5666666666666667,0.683412562439282,0.6363578982803602
adaptive_value,211,120,0.1,0.5125,0.1,0.625,0.6467764319307643,0.6786160125676775
adaptive_value,211,120,0.25,0.6125,0.25,0.65,0.6467764319307643,0.6786160125676775
adaptive_value,211,120,0.5,0.7541666666666667,0.5,0.6083333333333333,0.6467764319307643,0.6786160125676775
adaptive_value,211,120,0.75,0.8875,0.75,0.5833333333333334,0.6467764319307643,0.6786160125676775
adaptive_value,211,180,0.1,0.49583333333333335,0.1,0.4583333333333333,0.6243409716071764,0.6838426094762533
adaptive_value,211,180,0.25,0.5916666666666667,0.25,0.5666666666666667,0.6243409716071764,0.6838426094762533
adaptive_value,211,180,0.5,0.7166666666666667,0.5,0.5333333333333333,0.6243409716071764,0.6838426094762533
adaptive_value,211,180,0.75,0.8583333333333333,0.75,0.55,0.6243409716071764,0.6838426094762533
adaptive_value,211,240,0.1,0.5041666666666667,0.1,0.5416666666666666,0.6574366797314019,0.6734034420848879
adaptive_value,211,240,0.25,0.6,0.25,0.6,0.6574366797314019,0.6734034420848879
adaptive_value,211,240,0.5,0.7708333333333334,0.5,0.6416666666666667,0.6574366797314019,0.6734034420848879
adaptive_value,211,240,0.75,0.8958333333333334,0.75,0.6,0.6574366797314019,0.6734034420848879
adaptive_value,307,60,0.1,0.48333333333333334,0.1,0.3333333333333333,0.7640649970221675,0.6065000210396386
adaptive_value,307,60,0.25,0.5791666666666667,0.25,0.5166666666666667,0.7640649970221675,0.6065000210396386
adaptive_value,307,60,0.5,0.7083333333333334,0.5,0.5333333333333333,0.7640649970221675,0.6065000210396386
adaptive_value,307,60,0.75,0.8166666666666667,0.75,0.5111111111111111,0.7640649970221675,0.6065000210396386
adaptive_value,307,120,0.1,0.49166666666666664,0.1,0.5,0.6859022264791989,0.6104300502146043
adaptive_value,307,120,0.25,0.5916666666666667,0.25,0.6,0.6859022264791989,0.6104300502146043
adaptive_value,307,120,0.5,0.7166666666666667,0.5,0.575,0.6859022264791989,0.6104300502146043
adaptive_value,307,120,0.75,0.85,0.75,0.5666666666666667,0.6859022264791989,0.6104300502146043
adaptive_value,307,180,0.1,0.49583333333333335,0.1,0.4583333333333333,0.6959547250613558,0.6032441369540213
adaptive_value,307,180,0.25,0.5958333333333333,0.25,0.5833333333333334,0.6959547250613558,0.6032441369540213
adaptive_value,307,180,0.5,0.7333333333333333,0.5,0.575,0.6959547250613558,0.6032441369540213
adaptive_value,307,180,0.75,0.8666666666666667,0.75,0.5666666666666667,0.6959547250613558,0.6032441369540213
adaptive_value,307,240,0.1,0.5291666666666667,0.1,0.7916666666666666,0.6492816007352707,0.628678430162426
adaptive_value,307,240,0.25,0.6333333333333333,0.25,0.7333333333333333,0.6492816007352707,0.628678430162426
adaptive_value,307,240,0.5,0.8,0.5,0.7,0.6492816007352707,0.628678430162426
adaptive_value,307,240,0.75,0.8833333333333333,0.75,0.5833333333333334,0.6492816007352707,0.628678430162426
adaptive_value,401,60,0.1,0.5166666666666667,0.1,0.6666666666666666,0.6727356132670308,0.6730597946531265
adaptive_value,401,60,0.25,0.6125,0.25,0.65,0.6727356132670308,0.6730597946531265
adaptive_value,401,60,0.5,0.75,0.5,0.6,0.6727356132670308,0.6730597946531265
adaptive_value,401,60,0.75,0.8625,0.75,0.5555555555555556,0.6727356132670308,0.6730597946531265
adaptive_value,401,120,0.1,0.5,0.1,0.5,0.6508005621198936,0.6608945002384492
adaptive_value,401,120,0.25,0.6125,0.25,0.65,0.6508005621198936,0.6608945002384492
adaptive_value,401,120,0.5,0.7833333333333333,0.5,0.675,0.6508005621198936,0.6608945002384492
adaptive_value,401,120,0.75,0.9125,0.75,0.6222222222222222,0.6508005621198936,0.6608945002384492
adaptive_value,401,180,0.1,0.5083333333333333,0.1,0.5833333333333334,0.5892082113845448,0.6968775422896737
adaptive_value,401,180,0.25,0.6041666666666666,0.25,0.6166666666666667,0.5892082113845448,0.6968775422896737
adaptive_value,401,180,0.5,0.7625,0.5,0.625,0.5892082113845448,0.6968775422896737
adaptive_value,401,180,0.75,0.8875,0.75,0.5833333333333334,0.5892082113845448,0.6968775422896737
adaptive_value,401,240,0.1,0.5,0.1,0.5,0.5954397330164769,0.6973167447471036
adaptive_value,401,240,0.25,0.6,0.25,0.6,0.5954397330164769,0.6973167447471036
adaptive_value,401,240,0.5,0.7166666666666667,0.5,0.5333333333333333,0.5954397330164769,0.6973167447471036
adaptive_value,401,240,0.75,0.8708333333333333,0.75,0.5611111111111111,0.5954397330164769,0.6973167447471036
adaptive_value,503,60,0.1,0.5333333333333333,0.1,0.8333333333333334,0.7197770598062627,0.6079386063343338
adaptive_value,503,60,0.25,0.65,0.25,0.8,0.7197770598062627,0.6079386063343338
adaptive_value,503,60,0.5,0.8166666666666667,0.5,0.7333333333333333,0.7197770598062627,0.6079386063343338
adaptive_value,503,60,0.75,0.8666666666666667,0.75,0.5833333333333334,0.7197770598062627,0.6079386063343338
adaptive_value,503,120,0.1,0.5041666666666667,0.1,0.5416666666666666,0.6712479664768463,0.6758072208039947
adaptive_value,503,120,0.25,0.6208333333333333,0.25,0.6833333333333333,0.6712479664768463,0.6758072208039947
adaptive_value,503,120,0.5,0.7833333333333333,0.5,0.6833333333333333,0.6712479664768463,0.6758072208039947
adaptive_value,503,120,0.75,0.9041666666666667,0.75,0.6277777777777778,0.6712479664768463,0.6758072208039947
adaptive_value,503,180,0.1,0.5208333333333334,0.1,0.7083333333333334,0.6910827382842164,0.6583425673969759
adaptive_value,503,180,0.25,0.6416666666666667,0.25,0.7666666666666667,0.6910827382842164,0.6583425673969759
adaptive_value,503,180,0.5,0.7916666666666666,0.5,0.6833333333333333,0.6910827382842164,0.6583425673969759
adaptive_value,503,180,0.75,0.9166666666666666,0.75,0.6222222222222222,0.6910827382842164,0.6583425673969759
adaptive_value,503,240,0.1,0.5166666666666667,0.1,0.6666666666666666,0.6165101207193149,0.7282520268185261
adaptive_value,503,240,0.25,0.6416666666666667,0.25,0.7666666666666667,0.6165101207193149,0.7282520268185261
adaptive_value,503,240,0.5,0.8041666666666667,0.5,0.7083333333333334,0.6165101207193149,0.7282520268185261
adaptive_value,503,240,0.75,0.9166666666666666,0.75,0.6388888888888888,0.6165101207193149,0.7282520268185261
