held_out_axis,held_out_value,logging_seed,method,target_budget,success_rate,intervention_rate,request_precision,pehe,helpful_auroc
task,bread,101,dr_learner,0.1,0.38333333333333336,0.1,0.8333333333333334,0.7366504679067833,0.7359344112727457
task,bread,101,dr_learner,0.25,0.5,0.25,0.8,0.7366504679067833,0.7359344112727457
task,bread,101,dr_learner,0.5,0.6833333333333333,0.5,0.7666666666666667,0.7366504679067833,0.7359344112727457
task,bread,101,dr_learner,0.75,0.8,0.75,0.6666666666666666,0.7366504679067833,0.7359344112727457
task,bread,101,reversibility_proxy,0.1,0.4,0.1,1.0,0.5730548245018042,0.6035278017132141
task,bread,101,reversibility_proxy,0.25,0.5166666666666667,0.25,0.8666666666666667,0.5730548245018042,0.6035278017132141
task,bread,101,reversibility_proxy,0.5,0.65,0.5,0.7,0.5730548245018042,0.6035278017132141
task,bread,101,reversibility_proxy,0.75,0.8,0.75,0.6666666666666666,0.5730548245018042,0.6035278017132141
task,bread,211,dr_learner,0.1,0.4,0.1,1.0,0.646597931376005,0.6556084951087232
task,bread,211,dr_learner,0.25,0.43333333333333335,0.25,0.5333333333333333,0.646597931376005,0.6556084951087232
task,bread,211,dr_learner,0.5,0.5833333333333334,0.5,0.6,0.646597931376005,0.6556084951087232
task,bread,211,dr_learner,0.75,0.7166666666666667,0.75,0.5777777777777777,0.646597931376005,0.6556084951087232
task,bread,211,reversibility_proxy,0.1,0.4,0.1,1.0,0.5497595206493673,0.6747934512646359
task,bread,211,reversibility_proxy,0.25,0.55,0.25,1.0,0.5497595206493673,0.6747934512646359
task,bread,211,reversibility_proxy,0.5,0.7333333333333333,0.5,0.8666666666666667,0.5497595206493673,0.6747934512646359
task,bread,211,reversibility_proxy,0.75,0.85,0.75,0.7555555555555555,0.5497595206493673,0.6747934512646359
task,bread,307,dr_learner,0.1,0.38333333333333336,0.1,0.8333333333333334,0.5868441248419191,0.5935425008870191
task,bread,307,dr_learner,0.25,0.4666666666666667,0.25,0.6666666666666666,0.5868441248419191,0.5935425008870191
task,bread,307,dr_learner,0.5,0.6166666666666667,0.5,0.6333333333333333,0.5868441248419191,0.5935425008870191
task,bread,307,dr_learner,0.75,0.8333333333333334,0.75,0.7111111111111111,0.5868441248419191,0.5935425008870191
task,bread,307,reversibility_proxy,0.1,0.35,0.1,0.5,0.5773270147471816,0.5954179127173197
task,bread,307,reversibility_proxy,0.25,0.48333333333333334,0.25,0.7333333333333333,0.5773270147471816,0.5954179127173197
task,bread,307,reversibility_proxy,0.5,0.6833333333333333,0.5,0.7666666666666667,0.5773270147471816,0.5954179127173197
task,bread,307,reversibility_proxy,0.75,0.8833333333333333,0.75,0.7777777777777778,0.5773270147471816,0.5954179127173197
task,can,101,dr_learner,0.1,0.45,0.1,0.5,0.6776466465900942,0.6592169092169092
task,can,101,dr_learner,0.25,0.6,0.25,0.8,0.6776466465900942,0.6592169092169092
task,can,101,dr_learner,0.5,0.7833333333333333,0.5,0.7666666666666667,0.6776466465900942,0.6592169092169092
task,can,101,dr_learner,0.75,0.8833333333333333,0.75,0.6666666666666666,0.6776466465900942,0.6592169092169092
task,can,101,reversibility_proxy,0.1,0.4666666666666667,0.1,0.6666666666666666,0.5720721970135406,0.7117612117612118
task,can,101,reversibility_proxy,0.25,0.5333333333333333,0.25,0.5333333333333333,0.5720721970135406,0.7117612117612118
task,can,101,reversibility_proxy,0.5,0.7166666666666667,0.5,0.6333333333333333,0.5720721970135406,0.7117612117612118
task,can,101,reversibility_proxy,0.75,0.8333333333333334,0.75,0.5777777777777777,0.5720721970135406,0.7117612117612118
task,can,211,dr_learner,0.1,0.45,0.1,0.5,0.5331068824617701,0.7792297792297792
task,can,211,dr_learner,0.25,0.5666666666666667,0.25,0.6666666666666666,0.5331068824617701,0.7792297792297792
task,can,211,dr_learner,0.5,0.7333333333333333,0.5,0.6666666666666666,0.5331068824617701,0.7792297792297792
task,can,211,dr_learner,0.75,0.8833333333333333,0.75,0.6444444444444445,0.5331068824617701,0.7792297792297792
task,can,211,reversibility_proxy,0.1,0.4666666666666667,0.1,0.6666666666666666,0.5719934776854846,0.7486882486882487
task,can,211,reversibility_proxy,0.25,0.5666666666666667,0.25,0.6666666666666666,0.5719934776854846,0.7486882486882487
task,can,211,reversibility_proxy,0.5,0.7666666666666667,0.5,0.7333333333333333,0.5719934776854846,0.7486882486882487
task,can,211,reversibility_proxy,0.75,0.9166666666666666,0.75,0.6888888888888889,0.5719934776854846,0.7486882486882487
task,can,307,dr_learner,0.1,0.4,0.1,0.0,0.6581059659754002,0.5781605781605782
task,can,307,dr_learner,0.25,0.5,0.25,0.4,0.6581059659754002,0.5781605781605782
task,can,307,dr_learner,0.5,0.65,0.5,0.5,0.6581059659754002,0.5781605781605782
task,can,307,dr_learner,0.75,0.7666666666666667,0.75,0.4888888888888889,0.6581059659754002,0.5781605781605782
task,can,307,reversibility_proxy,0.1,0.45,0.1,0.5,0.5859879722307677,0.7074299574299574
task,can,307,reversibility_proxy,0.25,0.5833333333333334,0.25,0.7333333333333333,0.5859879722307677,0.7074299574299574
task,can,307,reversibility_proxy,0.5,0.7333333333333333,0.5,0.6666666666666666,0.5859879722307677,0.7074299574299574
task,can,307,reversibility_proxy,0.75,0.9,0.75,0.6666666666666666,0.5859879722307677,0.7074299574299574
task,cereal,101,dr_learner,0.1,0.5666666666666667,0.1,0.6666666666666666,0.5365592328145659,0.7441278816876903
task,cereal,101,dr_learner,0.25,0.65,0.25,0.6,0.5365592328145659,0.7441278816876903
task,cereal,101,dr_learner,0.5,0.8833333333333333,0.5,0.7666666666666667,0.5365592328145659,0.7441278816876903
task,cereal,101,dr_learner,0.75,0.9666666666666667,0.75,0.6222222222222222,0.5365592328145659,0.7441278816876903
task,cereal,101,reversibility_proxy,0.1,0.55,0.1,0.5,0.46107346036699837,0.8061385384949978
task,cereal,101,reversibility_proxy,0.25,0.6833333333333333,0.25,0.7333333333333333,0.46107346036699837,0.8061385384949978
task,cereal,101,reversibility_proxy,0.5,0.8333333333333334,0.5,0.6666666666666666,0.46107346036699837,0.8061385384949978
task,cereal,101,reversibility_proxy,0.75,0.9833333333333333,0.75,0.6444444444444445,0.46107346036699837,0.8061385384949978
task,cereal,211,dr_learner,0.1,0.5166666666666667,0.1,0.16666666666666666,0.6390464144709005,0.5592105263157895
task,cereal,211,dr_learner,0.25,0.6,0.25,0.4,0.6390464144709005,0.5592105263157895
task,cereal,211,dr_learner,0.5,0.7166666666666667,0.5,0.43333333333333335,0.6390464144709005,0.5592105263157895
task,cereal,211,dr_learner,0.75,0.8333333333333334,0.75,0.4666666666666667,0.6390464144709005,0.5592105263157895
task,cereal,211,reversibility_proxy,0.1,0.5833333333333334,0.1,0.8333333333333334,0.4902171128535701,0.7573129621574598
task,cereal,211,reversibility_proxy,0.25,0.7,0.25,0.8,0.4902171128535701,0.7573129621574598
task,cereal,211,reversibility_proxy,0.5,0.8166666666666667,0.5,0.6333333333333333,0.4902171128535701,0.7573129621574598
task,cereal,211,reversibility_proxy,0.75,0.9666666666666667,0.75,0.6222222222222222,0.4902171128535701,0.7573129621574598
task,cereal,307,dr_learner,0.1,0.5666666666666667,0.1,0.6666666666666666,0.6925181613389744,0.6849173553719008
task,cereal,307,dr_learner,0.25,0.6666666666666666,0.25,0.6666666666666666,0.6925181613389744,0.6849173553719008
task,cereal,307,dr_learner,0.5,0.7833333333333333,0.5,0.5666666666666667,0.6925181613389744,0.6849173553719008
task,cereal,307,dr_learner,0.75,0.9333333333333333,0.75,0.5777777777777777,0.6925181613389744,0.6849173553719008
task,cereal,307,reversibility_proxy,0.1,0.5333333333333333,0.1,0.3333333333333333,0.4909028565097433,0.7668823401478904
task,cereal,307,reversibility_proxy,0.25,0.6333333333333333,0.25,0.5333333333333333,0.4909028565097433,0.7668823401478904
task,cereal,307,reversibility_proxy,0.5,0.8,0.5,0.6,0.4909028565097433,0.7668823401478904
task,cereal,307,reversibility_proxy,0.75,1.0,0.75,0.6666666666666666,0.4909028565097433,0.7668823401478904
task,milk,101,dr_learner,0.1,0.6,0.1,0.16666666666666666,0.6951969581604661,0.6583278472679395
task,milk,101,dr_learner,0.25,0.7166666666666667,0.25,0.5333333333333333,0.6951969581604661,0.6583278472679395
task,milk,101,dr_learner,0.5,0.7833333333333333,0.5,0.4,0.6951969581604661,0.6583278472679395
task,milk,101,dr_learner,0.75,0.9,0.75,0.4222222222222222,0.6951969581604661,0.6583278472679395
task,milk,101,reversibility_proxy,0.1,0.65,0.1,0.5,0.5534862312143318,0.7151086240947993
task,milk,101,reversibility_proxy,0.25,0.7166666666666667,0.25,0.4666666666666667,0.5534862312143318,0.7151086240947993
task,milk,101,reversibility_proxy,0.5,0.8666666666666667,0.5,0.5333333333333333,0.5534862312143318,0.7151086240947993
task,milk,101,reversibility_proxy,0.75,0.85,0.75,0.4444444444444444,0.5534862312143318,0.7151086240947993
task,milk,211,dr_learner,0.1,0.65,0.1,0.5,0.6195737392363108,0.5703176431863067
task,milk,211,dr_learner,0.25,0.6833333333333333,0.25,0.4,0.6195737392363108,0.5703176431863067
task,milk,211,dr_learner,0.5,0.8,0.5,0.43333333333333335,0.6195737392363108,0.5703176431863067
task,milk,211,dr_learner,0.75,0.7666666666666667,0.75,0.3111111111111111,0.6195737392363108,0.5703176431863067
task,milk,211,reversibility_proxy,0.1,0.6833333333333333,0.1,0.8333333333333334,0.511594741972447,0.7684331797235023
task,milk,211,reversibility_proxy,0.25,0.7333333333333333,0.25,0.5333333333333333,0.511594741972447,0.7684331797235023
task,milk,211,reversibility_proxy,0.5,0.95,0.5,0.7,0.511594741972447,0.7684331797235023
task,milk,211,reversibility_proxy,0.75,0.9666666666666667,0.75,0.5111111111111111,0.511594741972447,0.7684331797235023
task,milk,307,dr_learner,0.1,0.65,0.1,0.5,0.8092191040384058,0.5292955892034233
task,milk,307,dr_learner,0.25,0.7166666666666667,0.25,0.4666666666666667,0.8092191040384058,0.5292955892034233
task,milk,307,dr_learner,0.5,0.8166666666666667,0.5,0.43333333333333335,0.8092191040384058,0.5292955892034233
task,milk,307,dr_learner,0.75,0.85,0.75,0.35555555555555557,0.8092191040384058,0.5292955892034233
task,milk,307,reversibility_proxy,0.1,0.6666666666666666,0.1,0.6666666666666666,0.5527042825923166,0.6880760368663594
task,milk,307,reversibility_proxy,0.25,0.7,0.25,0.4,0.5527042825923166,0.6880760368663594
task,milk,307,reversibility_proxy,0.5,0.9,0.5,0.6,0.5527042825923166,0.6880760368663594
task,milk,307,reversibility_proxy,0.75,0.9666666666666667,0.75,0.4888888888888889,0.5527042825923166,0.6880760368663594
disturbance,action_delay,101,dr_learner,0.1,0.1875,0.10416666666666667,0.6,0.6622873647620148,0.4838396771815466
disturbance,action_delay,101,dr_learner,0.25,0.2916666666666667,0.25,0.6666666666666666,0.6622873647620148,0.4838396771815466
disturbance,action_delay,101,dr_learner,0.5,0.4375,0.5,0.625,0.6622873647620148,0.4838396771815466
disturbance,action_delay,101,dr_learner,0.75,0.6041666666666666,0.75,0.6388888888888888,0.6622873647620148,0.4838396771815466
disturbance,action_delay,101,reversibility_proxy,0.1,0.14583333333333334,0.10416666666666667,0.2,0.5859392395912386,0.5018818143017887
disturbance,action_delay,101,reversibility_proxy,0.25,0.20833333333333334,0.25,0.3333333333333333,0.5859392395912386,0.5018818143017887
disturbance,action_delay,101,reversibility_proxy,0.5,0.4375,0.5,0.625,0.5859392395912386,0.5018818143017887
disturbance,action_delay,101,reversibility_proxy,0.75,0.6041666666666666,0.75,0.6388888888888888,0.5859392395912386,0.5018818143017887
disturbance,action_delay,211,dr_learner,0.1,0.1875,0.10416666666666667,0.6,0.6794557526327033,0.5507701858534125
disturbance,action_delay,211,dr_learner,0.25,0.2916666666666667,0.25,0.6666666666666666,0.6794557526327033,0.5507701858534125
disturbance,action_delay,211,dr_learner,0.5,0.5,0.5,0.75,0.6794557526327033,0.5507701858534125
disturbance,action_delay,211,dr_learner,0.75,0.7291666666666666,0.75,0.8055555555555556,0.6794557526327033,0.5507701858534125
disturbance,action_delay,211,reversibility_proxy,0.1,0.14583333333333334,0.10416666666666667,0.2,0.578997534035118,0.46983277072905755
disturbance,action_delay,211,reversibility_proxy,0.25,0.20833333333333334,0.25,0.3333333333333333,0.578997534035118,0.46983277072905755
disturbance,action_delay,211,reversibility_proxy,0.5,0.375,0.5,0.5,0.578997534035118,0.46983277072905755
disturbance,action_delay,211,reversibility_proxy,0.75,0.7083333333333334,0.75,0.7777777777777778,0.578997534035118,0.46983277072905755
disturbance,action_delay,307,dr_learner,0.1,0.20833333333333334,0.10416666666666667,0.8,0.6561490073822361,0.6304659915415357
disturbance,action_delay,307,dr_learner,0.25,0.2916666666666667,0.25,0.6666666666666666,0.6561490073822361,0.6304659915415357
disturbance,action_delay,307,dr_learner,0.5,0.4583333333333333,0.5,0.6666666666666666,0.6561490073822361,0.6304659915415357
disturbance,action_delay,307,dr_learner,0.75,0.7083333333333334,0.75,0.7777777777777778,0.6561490073822361,0.6304659915415357
disturbance,action_delay,307,reversibility_proxy,0.1,0.16666666666666666,0.10416666666666667,0.4,0.5517420066728862,0.5276452101035968
disturbance,action_delay,307,reversibility_proxy,0.25,0.20833333333333334,0.25,0.3333333333333333,0.5517420066728862,0.5276452101035968
disturbance,action_delay,307,reversibility_proxy,0.5,0.4375,0.5,0.625,0.5517420066728862,0.5276452101035968
disturbance,action_delay,307,reversibility_proxy,0.75,0.625,0.75,0.6666666666666666,0.5517420066728862,0.5276452101035968
disturbance,action_noise,101,dr_learner,0.1,0.7708333333333334,0.10416666666666667,0.2,0.6000916245905411,0.6752686352483289
disturbance,action_noise,101,dr_learner,0.25,0.875,0.25,0.5,0.6000916245905411,0.6752686352483289
disturbance,action_noise,101,dr_learner,0.5,0.9375,0.5,0.375,0.6000916245905411,0.6752686352483289
disturbance,action_noise,101,dr_learner,0.75,1.0,0.75,0.3333333333333333,0.6000916245905411,0.6752686352483289
disturbance,action_noise,101,reversibility_proxy,0.1,0.8333333333333334,0.10416666666666667,0.8,0.5568403532729966,0.7828073441069464
disturbance,action_noise,101,reversibility_proxy,0.25,0.875,0.25,0.5,0.5568403532729966,0.7828073441069464
disturbance,action_noise,101,reversibility_proxy,0.5,1.0,0.5,0.5,0.5568403532729966,0.7828073441069464
disturbance,action_noise,101,reversibility_proxy,0.75,1.0,0.75,0.3333333333333333,0.5568403532729966,0.7828073441069464
disturbance,action_noise,211,dr_learner,0.1,0.75,0.10416666666666667,0.0,0.574211929027951,0.7548438954226245
disturbance,action_noise,211,dr_learner,0.25,0.875,0.25,0.5,0.574211929027951,0.7548438954226245
disturbance,action_noise,211,dr_learner,0.5,0.9375,0.5,0.375,0.574211929027951,0.7548438954226245
disturbance,action_noise,211,dr_learner,0.75,0.9583333333333334,0.75,0.2777777777777778,0.574211929027951,0.7548438954226245
disturbance,action_noise,211,reversibility_proxy,0.1,0.8125,0.10416666666666667,0.6,0.5662742044458305,0.7972755732295457
disturbance,action_noise,211,reversibility_proxy,0.25,0.8541666666666666,0.25,0.4166666666666667,0.5662742044458305,0.7972755732295457
disturbance,action_noise,211,reversibility_proxy,0.5,0.875,0.5,0.2916666666666667,0.5662742044458305,0.7972755732295457
disturbance,action_noise,211,reversibility_proxy,0.75,0.9583333333333334,0.75,0.3055555555555556,0.5662742044458305,0.7972755732295457
disturbance,action_noise,307,dr_learner,0.1,0.75,0.10416666666666667,0.0,0.6141446745551472,0.7212962179541417
disturbance,action_noise,307,dr_learner,0.25,0.8333333333333334,0.25,0.3333333333333333,0.6141446745551472,0.7212962179541417
disturbance,action_noise,307,dr_learner,0.5,0.8541666666666666,0.5,0.20833333333333334,0.6141446745551472,0.7212962179541417
disturbance,action_noise,307,dr_learner,0.75,0.9166666666666666,0.75,0.2222222222222222,0.6141446745551472,0.7212962179541417
disturbance,action_noise,307,reversibility_proxy,0.1,0.7708333333333334,0.10416666666666667,0.2,0.5697466922948715,0.7695236483628056
disturbance,action_noise,307,reversibility_proxy,0.25,0.7708333333333334,0.25,0.08333333333333333,0.5697466922948715,0.7695236483628056
disturbance,action_noise,307,reversibility_proxy,0.5,0.8333333333333334,0.5,0.16666666666666666,0.5697466922948715,0.7695236483628056
disturbance,action_noise,307,reversibility_proxy,0.75,0.9583333333333334,0.75,0.2777777777777778,0.5697466922948715,0.7695236483628056
disturbance,gripper_slip,101,dr_learner,0.1,0.125,0.10416666666666667,0.8,0.7854870894160731,0.4773517998126589
disturbance,gripper_slip,101,dr_learner,0.25,0.2708333333333333,0.25,0.9166666666666666,0.7854870894160731,0.4773517998126589
disturbance,gripper_slip,101,dr_learner,0.5,0.5,0.5,0.9166666666666666,0.7854870894160731,0.4773517998126589
disturbance,gripper_slip,101,dr_learner,0.75,0.7291666666666666,0.75,0.9166666666666666,0.7854870894160731,0.4773517998126589
disturbance,gripper_slip,101,reversibility_proxy,0.1,0.125,0.10416666666666667,0.8,0.5772086750395179,0.4947143048307239
disturbance,gripper_slip,101,reversibility_proxy,0.25,0.2708333333333333,0.25,0.9166666666666666,0.5772086750395179,0.4947143048307239
disturbance,gripper_slip,101,reversibility_proxy,0.5,0.4791666666666667,0.5,0.875,0.5772086750395179,0.4947143048307239
disturbance,gripper_slip,101,reversibility_proxy,0.75,0.6666666666666666,0.75,0.8333333333333334,0.5772086750395179,0.4947143048307239
disturbance,gripper_slip,211,dr_learner,0.1,0.14583333333333334,0.10416666666666667,1.0,0.7010517861071817,0.581727552522414
disturbance,gripper_slip,211,dr_learner,0.25,0.2916666666666667,0.25,1.0,0.7010517861071817,0.581727552522414
disturbance,gripper_slip,211,dr_learner,0.5,0.5208333333333334,0.5,0.9583333333333334,0.7010517861071817,0.581727552522414
disturbance,gripper_slip,211,dr_learner,0.75,0.75,0.75,0.9444444444444444,0.7010517861071817,0.581727552522414
disturbance,gripper_slip,211,reversibility_proxy,0.1,0.14583333333333334,0.10416666666666667,1.0,0.5647609699785676,0.5211427806771043
disturbance,gripper_slip,211,reversibility_proxy,0.25,0.2916666666666667,0.25,1.0,0.5647609699785676,0.5211427806771043
disturbance,gripper_slip,211,reversibility_proxy,0.5,0.5208333333333334,0.5,0.9583333333333334,0.5647609699785676,0.5211427806771043
disturbance,gripper_slip,211,reversibility_proxy,0.75,0.7291666666666666,0.75,0.9166666666666666,0.5647609699785676,0.5211427806771043
disturbance,gripper_slip,307,dr_learner,0.1,0.125,0.10416666666666667,0.8,0.749605969668154,0.49324233908738124
disturbance,gripper_slip,307,dr_learner,0.25,0.25,0.25,0.8333333333333334,0.749605969668154,0.49324233908738124
disturbance,gripper_slip,307,dr_learner,0.5,0.4791666666666667,0.5,0.875,0.749605969668154,0.49324233908738124
disturbance,gripper_slip,307,dr_learner,0.75,0.6875,0.75,0.8611111111111112,0.749605969668154,0.49324233908738124
disturbance,gripper_slip,307,reversibility_proxy,0.1,0.0625,0.10416666666666667,0.2,0.5325387410844695,0.4382443463133949
disturbance,gripper_slip,307,reversibility_proxy,0.25,0.16666666666666666,0.25,0.5,0.5325387410844695,0.4382443463133949
disturbance,gripper_slip,307,reversibility_proxy,0.5,0.4166666666666667,0.5,0.75,0.5325387410844695,0.4382443463133949
disturbance,gripper_slip,307,reversibility_proxy,0.75,0.6666666666666666,0.75,0.8333333333333334,0.5325387410844695,0.4382443463133949
disturbance,nominal,101,dr_learner,0.1,0.9166666666666666,0.10416666666666667,0.4,0.6483271542125701,0.7742165242165242
disturbance,nominal,101,dr_learner,0.25,0.9583333333333334,0.25,0.3333333333333333,0.6483271542125701,0.7742165242165242
disturbance,nominal,101,dr_learner,0.5,0.9583333333333334,0.5,0.16666666666666666,0.6483271542125701,0.7742165242165242
disturbance,nominal,101,dr_learner,0.75,0.9375,0.75,0.1111111111111111,0.6483271542125701,0.7742165242165242
disturbance,nominal,101,reversibility_proxy,0.1,0.8958333333333334,0.10416666666666667,0.2,0.6258620391405433,0.863880974992086
disturbance,nominal,101,reversibility_proxy,0.25,0.9583333333333334,0.25,0.3333333333333333,0.6258620391405433,0.863880974992086
disturbance,nominal,101,reversibility_proxy,0.5,0.9375,0.5,0.16666666666666666,0.6258620391405433,0.863880974992086
disturbance,nominal,101,reversibility_proxy,0.75,0.9375,0.75,0.1111111111111111,0.6258620391405433,0.863880974992086
disturbance,nominal,211,dr_learner,0.1,0.9375,0.10416666666666667,0.6,0.6683213729925934,0.6289965178854068
disturbance,nominal,211,dr_learner,0.25,0.9375,0.25,0.25,0.6683213729925934,0.6289965178854068
disturbance,nominal,211,dr_learner,0.5,0.9375,0.5,0.125,0.6683213729925934,0.6289965178854068
disturbance,nominal,211,dr_learner,0.75,0.8958333333333334,0.75,0.1111111111111111,0.6683213729925934,0.6289965178854068
disturbance,nominal,211,reversibility_proxy,0.1,0.8958333333333334,0.10416666666666667,0.2,0.6088747183464963,0.8350743906299462
disturbance,nominal,211,reversibility_proxy,0.25,0.9583333333333334,0.25,0.3333333333333333,0.6088747183464963,0.8350743906299462
disturbance,nominal,211,reversibility_proxy,0.5,0.9583333333333334,0.5,0.20833333333333334,0.6088747183464963,0.8350743906299462
disturbance,nominal,211,reversibility_proxy,0.75,0.9375,0.75,0.1111111111111111,0.6088747183464963,0.8350743906299462
disturbance,nominal,307,dr_learner,0.1,0.875,0.10416666666666667,0.0,0.6387084246739516,0.7465970243748021
disturbance,nominal,307,dr_learner,0.25,0.9166666666666666,0.25,0.16666666666666666,0.6387084246739516,0.7465970243748021
disturbance,nominal,307,dr_learner,0.5,0.9375,0.5,0.125,0.6387084246739516,0.7465970243748021
disturbance,nominal,307,dr_learner,0.75,0.9583333333333334,0.75,0.1111111111111111,0.6387084246739516,0.7465970243748021
disturbance,nominal,307,reversibility_proxy,0.1,0.9166666666666666,0.10416666666666667,0.4,0.6418023592267413,0.8697372586261475
disturbance,nominal,307,reversibility_proxy,0.25,0.9375,0.25,0.25,0.6418023592267413,0.8697372586261475
disturbance,nominal,307,reversibility_proxy,0.5,0.9583333333333334,0.5,0.16666666666666666,0.6418023592267413,0.8697372586261475
disturbance,nominal,307,reversibility_proxy,0.75,0.9375,0.75,0.1111111111111111,0.6418023592267413,0.8697372586261475
disturbance,object_shift,101,dr_learner,0.1,0.5,0.10416666666666667,0.4,0.6391213886511652,0.5958414554905783
disturbance,object_shift,101,dr_learner,0.25,0.5833333333333334,0.25,0.5,0.6391213886511652,0.5958414554905783
disturbance,object_shift,101,dr_learner,0.5,0.75,0.5,0.5833333333333334,0.6391213886511652,0.5958414554905783
disturbance,object_shift,101,dr_learner,0.75,0.8333333333333334,0.75,0.5,0.6391213886511652,0.5958414554905783
disturbance,object_shift,101,reversibility_proxy,0.1,0.4791666666666667,0.10416666666666667,0.2,0.5643809564805349,0.682771744175253
disturbance,object_shift,101,reversibility_proxy,0.25,0.5416666666666666,0.25,0.3333333333333333,0.5643809564805349,0.682771744175253
disturbance,object_shift,101,reversibility_proxy,0.5,0.7708333333333334,0.5,0.625,0.5643809564805349,0.682771744175253
disturbance,object_shift,101,reversibility_proxy,0.75,0.875,0.75,0.5555555555555556,0.5643809564805349,0.682771744175253
disturbance,object_shift,211,dr_learner,0.1,0.5416666666666666,0.10416666666666667,0.8,0.6367581438703979,0.6478696741854637
disturbance,object_shift,211,dr_learner,0.25,0.625,0.25,0.6666666666666666,0.6367581438703979,0.6478696741854637
disturbance,object_shift,211,dr_learner,0.5,0.8125,0.5,0.7083333333333334,0.6367581438703979,0.6478696741854637
disturbance,object_shift,211,dr_learner,0.75,0.8333333333333334,0.75,0.5277777777777778,0.6367581438703979,0.6478696741854637
disturbance,object_shift,211,reversibility_proxy,0.1,0.4583333333333333,0.10416666666666667,0.0,0.604598774914952,0.648658683746403
disturbance,object_shift,211,reversibility_proxy,0.25,0.5416666666666666,0.25,0.3333333333333333,0.604598774914952,0.648658683746403
disturbance,object_shift,211,reversibility_proxy,0.5,0.7291666666666666,0.5,0.5416666666666666,0.604598774914952,0.648658683746403
disturbance,object_shift,211,reversibility_proxy,0.75,0.875,0.75,0.5833333333333334,0.604598774914952,0.648658683746403
disturbance,object_shift,307,dr_learner,0.1,0.5,0.10416666666666667,0.4,0.5790815405345742,0.7069525666016894
disturbance,object_shift,307,dr_learner,0.25,0.5833333333333334,0.25,0.5,0.5790815405345742,0.7069525666016894
disturbance,object_shift,307,dr_learner,0.5,0.7291666666666666,0.5,0.5416666666666666,0.5790815405345742,0.7069525666016894
disturbance,object_shift,307,dr_learner,0.75,0.8541666666666666,0.75,0.5277777777777778,0.5790815405345742,0.7069525666016894
disturbance,object_shift,307,reversibility_proxy,0.1,0.4791666666666667,0.10416666666666667,0.2,0.5891116932007545,0.675392184164114
disturbance,object_shift,307,reversibility_proxy,0.25,0.5833333333333334,0.25,0.5,0.5891116932007545,0.675392184164114
disturbance,object_shift,307,reversibility_proxy,0.5,0.7916666666666666,0.5,0.6666666666666666,0.5891116932007545,0.675392184164114
disturbance,object_shift,307,reversibility_proxy,0.75,0.8541666666666666,0.75,0.5277777777777778,0.5891116932007545,0.675392184164114
